Player,Tm,Age,Pos,G,GS,Cmp,Pass_Att,Pass_Yds,Pass_TD,Int,4QC,GWD,Rush_Att,Rush_Yds,Rush_TD,Tgt,Rec,Rec_Yds,Rec_TD,Fmb,Pro_Bowl
Jameis Winston,TAM,25,QB,16,16,380.0,626.0,5109.0,33.0,30.0,2.0,2.0,59.0,250.0,1.0,0.0,0.0,0.0,0.0,0.0,False
Dak Prescott,DAL,26,QB,16,16,388.0,596.0,4902.0,30.0,11.0,0.0,0.0,52.0,277.0,3.0,0.0,0.0,0.0,0.0,0.0,False
Jared Goff,LAR,25,QB,16,16,394.0,626.0,4638.0,22.0,16.0,1.0,2.0,33.0,40.0,2.0,0.0,0.0,0.0,0.0,0.0,False
Philip Rivers,LAC,38,QB,16,16,390.0,591.0,4615.0,23.0,20.0,1.0,2.0,12.0,29.0,0.0,0.0,0.0,0.0,0.0,0.0,False
Matt Ryan,ATL,34,QB,15,15,408.0,616.0,4466.0,26.0,14.0,3.0,2.0,34.0,147.0,1.0,0.0,0.0,0.0,0.0,0.0,False
Russell Wilson,SEA,31,QB,16,16,341.0,516.0,4110.0,31.0,5.0,4.0,5.0,75.0,342.0,3.0,0.0,0.0,0.0,0.0,0.0,True
Tom Brady,NWE,42,QB,16,16,373.0,613.0,4057.0,24.0,8.0,1.0,1.0,26.0,34.0,3.0,0.0,0.0,0.0,0.0,0.0,False
Derek Carr,OAK,28,QB,16,16,361.0,513.0,4054.0,21.0,8.0,2.0,3.0,27.0,82.0,2.0,0.0,0.0,0.0,0.0,0.0,False
Carson Wentz,PHI,27,QB,16,16,388.0,607.0,4039.0,27.0,7.0,2.0,4.0,62.0,243.0,1.0,0.0,0.0,0.0,0.0,0.0,False
Patrick Mahomes,KAN,24,QB,14,14,319.0,484.0,4031.0,26.0,5.0,1.0,1.0,43.0,218.0,2.0,0.0,0.0,0.0,0.0,0.0,True
Aaron Rodgers,GNB,36,QB,16,16,353.0,569.0,4002.0,26.0,4.0,2.0,3.0,46.0,183.0,1.0,0.0,0.0,0.0,0.0,0.0,True
Jimmy Garoppolo,SFO,28,QB,16,16,329.0,476.0,3978.0,27.0,13.0,4.0,4.0,46.0,62.0,1.0,0.0,0.0,0.0,0.0,0.0,False
Deshaun Watson,HOU,24,QB,15,15,333.0,495.0,3852.0,26.0,12.0,3.0,5.0,82.0,413.0,7.0,1.0,1.0,6.0,1.0,10.0,True
Baker Mayfield,CLE,24,QB,16,16,317.0,534.0,3827.0,22.0,21.0,1.0,1.0,28.0,141.0,3.0,0.0,0.0,0.0,0.0,0.0,False
Kyler Murray,ARI,22,QB,16,16,349.0,542.0,3722.0,20.0,12.0,1.0,2.0,93.0,544.0,4.0,0.0,0.0,0.0,0.0,0.0,False
Kirk Cousins,MIN,31,QB,15,15,307.0,444.0,3603.0,26.0,6.0,1.0,1.0,31.0,63.0,1.0,0.0,0.0,0.0,0.0,0.0,True
Ryan Fitzpatrick,MIA,37,QB,15,13,311.0,502.0,3529.0,20.0,13.0,3.0,4.0,54.0,243.0,4.0,0.0,0.0,0.0,0.0,0.0,False
Andy Dalton,CIN,32,QB,13,13,314.0,528.0,3494.0,16.0,14.0,0.0,0.0,32.0,73.0,4.0,1.0,1.0,-4.0,0.0,8.0,False
Kyle Allen,CAR,23,QB,13,12,303.0,489.0,3322.0,17.0,16.0,0.0,1.0,32.0,106.0,2.0,0.0,0.0,0.0,0.0,0.0,False
Gardner Minshew II,JAX,23,QB,14,12,285.0,470.0,3271.0,21.0,6.0,3.0,3.0,0.0,0.0,0.0,0.0,0.0,0.0,0.0,0.0,False
Mitchell Trubisky,CHI,25,QB,15,15,326.0,516.0,3138.0,17.0,10.0,3.0,3.0,48.0,193.0,2.0,0.0,0.0,0.0,0.0,0.0,False
Lamar Jackson,BAL,22,QB,15,15,265.0,401.0,3127.0,36.0,6.0,1.0,2.0,176.0,1206.0,7.0,0.0,0.0,0.0,0.0,0.0,True
Josh Allen,BUF,23,QB,16,16,271.0,461.0,3089.0,20.0,9.0,4.0,5.0,109.0,510.0,9.0,0.0,0.0,0.0,0.0,0.0,False
Daniel Jones,NYG,22,QB,13,12,284.0,459.0,3027.0,24.0,12.0,1.0,2.0,45.0,279.0,2.0,0.0,0.0,0.0,0.0,0.0,False
Sam Darnold,NYJ,22,QB,13,13,273.0,441.0,3024.0,19.0,13.0,2.0,3.0,33.0,62.0,2.0,0.0,0.0,0.0,0.0,0.0,False
Drew Brees,NOR,40,QB,11,11,281.0,378.0,2979.0,27.0,4.0,1.0,2.0,9.0,-4.0,1.0,0.0,0.0,0.0,0.0,0.0,True
Jacoby Brissett,IND,27,QB,15,15,272.0,447.0,2942.0,18.0,6.0,2.0,2.0,56.0,228.0,4.0,1.0,1.0,2.0,0.0,7.0,False
Ryan Tannehill,TEN,31,QB,12,10,201.0,286.0,2742.0,22.0,6.0,2.0,3.0,43.0,185.0,4.0,0.0,0.0,0.0,0.0,0.0,True
Matthew Stafford,DET,31,QB,8,8,187.0,291.0,2499.0,19.0,5.0,2.0,1.0,20.0,66.0,0.0,0.0,0.0,0.0,0.0,0.0,False
Joe Flacco,DEN,34,QB,8,8,171.0,262.0,1822.0,6.0,5.0,0.0,0.0,12.0,20.0,0.0,0.0,0.0,0.0,0.0,0.0,False
Mason Rudolph,PIT,24,QB,10,8,176.0,283.0,1765.0,13.0,9.0,1.0,1.0,21.0,42.0,0.0,0.0,0.0,0.0,0.0,0.0,False
Case Keenum,WAS,31,QB,10,8,160.0,247.0,1707.0,11.0,5.0,0.0,0.0,9.0,12.0,1.0,0.0,0.0,0.0,0.0,0.0,False
Teddy Bridgewater,NOR,27,QB,9,5,133.0,196.0,1384.0,9.0,2.0,1.0,2.0,28.0,31.0,0.0,0.0,0.0,0.0,0.0,0.0,False
Dwayne Haskins,WAS,22,QB,9,7,119.0,203.0,1365.0,7.0,7.0,1.0,1.0,20.0,101.0,0.0,0.0,0.0,0.0,0.0,0.0,False
Marcus Mariota,TEN,26,QB,7,6,95.0,160.0,1203.0,7.0,2.0,0.0,0.0,24.0,129.0,0.0,0.0,0.0,0.0,0.0,0.0,False
Devlin Hodges,PIT,23,QB,8,6,100.0,160.0,1063.0,5.0,8.0,0.0,1.0,21.0,68.0,0.0,0.0,0.0,0.0,0.0,0.0,False
Eli Manning,NYG,38,QB,4,4,91.0,147.0,1042.0,6.0,5.0,0.0,0.0,4.0,7.0,0.0,0.0,0.0,0.0,0.0,0.0,False
Drew Lock,DEN,23,QB,5,5,100.0,156.0,1020.0,7.0,3.0,1.0,2.0,18.0,72.0,0.0,0.0,0.0,0.0,0.0,0.0,False
David Blough,DET,24,QB,5,5,94.0,174.0,984.0,4.0,6.0,0.0,0.0,8.0,31.0,0.0,1.0,1.0,19.0,1.0,1.0,False
Nick Foles,JAX,30,QB,4,4,77.0,117.0,736.0,3.0,2.0,0.0,0.0,4.0,23.0,0.0,0.0,0.0,0.0,0.0,0.0,False
Jeff Driskel,DET,26,QB,3,3,62.0,105.0,685.0,4.0,4.0,0.0,0.0,22.0,151.0,1.0,1.0,1.0,6.0,0.0,1.0,False
Matt Moore,KAN,35,QB,6,2,59.0,91.0,659.0,4.0,0.0,1.0,1.0,5.0,-1.0,0.0,0.0,0.0,0.0,0.0,0.0,False
Matt Schaub,ATL,38,QB,6,1,50.0,67.0,580.0,3.0,1.0,0.0,0.0,3.0,-3.0,0.0,0.0,0.0,0.0,0.0,0.0,False
Cam Newton,CAR,30,QB,2,2,50.0,89.0,572.0,0.0,1.0,0.0,0.0,5.0,-2.0,0.0,0.0,0.0,0.0,0.0,0.0,False
Josh Rosen,MIA,22,QB,6,3,58.0,109.0,567.0,1.0,5.0,0.0,0.0,3.0,13.0,0.0,0.0,0.0,0.0,0.0,0.0,False
Brandon Allen,DEN,27,QB,3,3,39.0,84.0,515.0,3.0,2.0,0.0,0.0,10.0,39.0,0.0,0.0,0.0,0.0,0.0,0.0,False
Ryan Finley,CIN,25,QB,3,3,41.0,87.0,474.0,2.0,2.0,0.0,0.0,10.0,77.0,0.0,0.0,0.0,0.0,0.0,0.0,False
Chase Daniel,CHI,33,QB,3,1,45.0,64.0,435.0,3.0,2.0,0.0,0.0,6.0,6.0,0.0,0.0,0.0,0.0,0.0,0.0,False
Luke Falk,NYJ,25,QB,3,2,47.0,73.0,416.0,0.0,3.0,0.0,0.0,0.0,0.0,0.0,0.0,0.0,0.0,0.0,0.0,False
Brian Hoyer,IND,34,QB,4,1,35.0,65.0,372.0,4.0,4.0,0.0,0.0,8.0,2.0,0.0,0.0,0.0,0.0,0.0,0.0,False
Matt Barkley,BUF,29,QB,2,0,27.0,51.0,359.0,0.0,3.0,0.0,0.0,2.0,-4.0,0.0,0.0,0.0,0.0,0.0,0.0,False
Ben Roethlisberger,PIT,37,QB,2,2,35.0,62.0,351.0,0.0,1.0,0.0,0.0,1.0,7.0,0.0,0.0,0.0,0.0,0.0,0.0,False
Will Grier,CAR,24,QB,2,2,28.0,52.0,228.0,0.0,4.0,0.0,0.0,7.0,22.0,0.0,0.0,0.0,0.0,0.0,0.0,False
Robert Griffin III,BAL,29,QB,7,1,23.0,38.0,225.0,1.0,2.0,0.0,0.0,0.0,0.0,0.0,0.0,0.0,0.0,0.0,0.0,False
A.J. McCarron,HOU,29,QB,2,1,21.0,37.0,225.0,0.0,1.0,0.0,0.0,5.0,39.0,1.0,0.0,0.0,0.0,0.0,0.0,False
Sean Mannion,MIN,27,QB,3,1,12.0,21.0,126.0,0.0,2.0,0.0,0.0,6.0,-5.0,0.0,0.0,0.0,0.0,0.0,0.0,False
Colt McCoy,WAS,33,QB,1,1,18.0,27.0,122.0,0.0,1.0,0.0,0.0,2.0,14.0,0.0,0.0,0.0,0.0,0.0,0.0,False
Mike Glennon,OAK,30,QB,2,0,6.0,10.0,56.0,1.0,0.0,0.0,0.0,2.0,0.0,0.0,0.0,0.0,0.0,0.0,0.0,False
Taysom Hill,NOR,29,QB,16,5,3.0,6.0,55.0,0.0,0.0,0.0,0.0,27.0,156.0,1.0,22.0,19.0,234.0,6.0,0.0,False
Brett Hundley,ARI,26,QB,3,0,5.0,11.0,49.0,0.0,0.0,0.0,0.0,7.0,41.0,0.0,0.0,0.0,0.0,0.0,0.0,False
Julian Edelman,NWE,33,WR,16,13,2.0,2.0,47.0,1.0,0.0,0.0,0.0,8.0,27.0,0.0,153.0,100.0,1117.0,6.0,3.0,False
Courtland Sutton,DEN,24,WR,16,14,1.0,1.0,38.0,0.0,0.0,0.0,0.0,3.0,17.0,0.0,124.0,72.0,1112.0,6.0,2.0,True
Jaylen Samuels,PIT,23,RB,14,4,4.0,5.0,35.0,0.0,1.0,0.0,0.0,66.0,175.0,1.0,57.0,47.0,305.0,1.0,1.0,False
Emmanuel Sanders,2TM,32,WR,17,16,1.0,1.0,35.0,1.0,0.0,0.0,0.0,0.0,0.0,0.0,97.0,66.0,869.0,5.0,0.0,False
James White,NWE,27,RB,15,1,1.0,1.0,35.0,0.0,0.0,0.0,0.0,67.0,263.0,1.0,95.0,72.0,645.0,5.0,1.0,False
Tyrod Taylor,LAC,30,QB,8,0,4.0,6.0,33.0,1.0,0.0,0.0,0.0,10.0,7.0,0.0,0.0,0.0,0.0,0.0,0.0,False
John Brown,BUF,29,WR,15,15,1.0,1.0,28.0,1.0,0.0,0.0,0.0,2.0,7.0,0.0,115.0,72.0,1060.0,6.0,0.0,False
Alex Erickson,CIN,27,WR,16,6,1.0,1.0,26.0,0.0,0.0,0.0,0.0,5.0,33.0,0.0,78.0,43.0,529.0,0.0,4.0,False
Josh McCown,PHI,40,QB,3,0,3.0,5.0,24.0,0.0,0.0,0.0,0.0,2.0,-2.0,0.0,0.0,0.0,0.0,0.0,0.0,False
Odell Beckham Jr.,CLE,27,WR,16,15,1.0,2.0,20.0,0.0,0.0,0.0,0.0,0.0,0.0,0.0,0.0,0.0,0.0,0.0,0.0,False
Albert Wilson,MIA,27,WR,13,4,1.0,2.0,20.0,0.0,0.0,0.0,0.0,5.0,45.0,0.0,62.0,43.0,351.0,1.0,0.0,False
Danny Amendola,DET,34,WR,15,10,1.0,1.0,19.0,1.0,0.0,0.0,0.0,0.0,0.0,0.0,97.0,62.0,678.0,1.0,0.0,False
Ryan Griffin,TAM,30,QB,2,0,2.0,4.0,18.0,0.0,0.0,0.0,0.0,0.0,0.0,0.0,0.0,0.0,0.0,0.0,0.0,False
Dante Pettis,SFO,24,WR,11,4,1.0,1.0,16.0,0.0,0.0,0.0,0.0,0.0,0.0,0.0,24.0,11.0,109.0,2.0,0.0,False
Tim Boyle,GNB,25,QB,3,0,3.0,4.0,15.0,0.0,0.0,0.0,0.0,5.0,-7.0,0.0,0.0,0.0,0.0,0.0,0.0,False
Jarrett Stidham,NWE,23,QB,3,0,2.0,4.0,14.0,0.0,1.0,0.0,0.0,2.0,-2.0,0.0,0.0,0.0,0.0,0.0,0.0,False
Alvin Kamara,NOR,24,RB,14,9,1.0,1.0,13.0,0.0,0.0,0.0,0.0,171.0,797.0,5.0,97.0,81.0,533.0,1.0,4.0,True
Kelvin Harmon,WAS,23,WR,16,8,1.0,1.0,11.0,0.0,0.0,0.0,0.0,0.0,0.0,0.0,44.0,30.0,365.0,0.0,0.0,False
Andrew Beck,DEN,23,TE,16,6,1.0,1.0,6.0,0.0,0.0,0.0,0.0,0.0,0.0,0.0,0.0,0.0,0.0,0.0,0.0,False
DeAndre Hopkins,HOU,27,WR,15,15,1.0,2.0,6.0,1.0,1.0,0.0,0.0,2.0,18.0,0.0,150.0,104.0,1165.0,7.0,0.0,True
Kenjon Barner,ATL,30,RB,14,0,1.0,1.0,3.0,0.0,0.0,0.0,0.0,0.0,0.0,0.0,0.0,0.0,0.0,0.0,0.0,False
Blake Bortles,LAR,27,QB,3,0,1.0,2.0,3.0,0.0,0.0,0.0,0.0,2.0,-9.0,0.0,0.0,0.0,0.0,0.0,0.0,False
Trevor Siemian,NYJ,28,QB,1,1,3.0,6.0,3.0,0.0,0.0,0.0,0.0,0.0,0.0,0.0,0.0,0.0,0.0,0.0,0.0,False
Alex Tanney,NYG,32,QB,1,0,1.0,1.0,1.0,0.0,0.0,0.0,0.0,0.0,0.0,0.0,0.0,0.0,0.0,0.0,0.0,False
Randall Cobb,DAL,29,WR,15,6,0.0,1.0,0.0,0.0,0.0,0.0,0.0,3.0,11.0,0.0,83.0,55.0,828.0,3.0,2.0,False
Stefon Diggs,MIN,26,WR,15,15,0.0,1.0,0.0,0.0,0.0,0.0,0.0,5.0,61.0,0.0,94.0,63.0,1130.0,6.0,4.0,False
Garrett Gilbert,CLE,28,QB,5,0,0.0,3.0,0.0,0.0,0.0,0.0,0.0,3.0,-3.0,0.0,0.0,0.0,0.0,0.0,0.0,False
Josh Gordon,2TM,28,WR,11,7,0.0,1.0,0.0,0.0,1.0,0.0,0.0,1.0,1.0,0.0,47.0,27.0,426.0,1.0,0.0,False
Cooper Kupp,LAR,26,WR,16,14,0.0,1.0,0.0,0.0,0.0,0.0,0.0,2.0,4.0,0.0,134.0,94.0,1161.0,10.0,3.0,False
Christian McCaffrey,CAR,23,RB,16,16,0.0,2.0,0.0,0.0,0.0,0.0,0.0,287.0,1387.0,15.0,142.0,116.0,1005.0,4.0,1.0,True
Zach Pascal,IND,25,WR,16,13,0.0,1.0,0.0,0.0,0.0,0.0,0.0,2.0,16.0,0.0,72.0,41.0,607.0,5.0,0.0,False
Bilal Powell,NYJ,31,RB,13,1,0.0,1.0,0.0,0.0,0.0,0.0,0.0,59.0,229.0,0.0,12.0,7.0,33.0,0.0,0.0,False
Steven Sims,WAS,22,WR,16,2,0.0,1.0,0.0,0.0,0.0,0.0,0.0,9.0,85.0,1.0,56.0,34.0,310.0,4.0,1.0,False
Derrick Henry,TEN,25,RB,15,15,0.0,0.0,0.0,0.0,0.0,0.0,0.0,303.0,1540.0,16.0,24.0,18.0,206.0,2.0,5.0,True
Nick Chubb,CLE,24,RB,16,16,0.0,0.0,0.0,0.0,0.0,0.0,0.0,298.0,1494.0,8.0,49.0,36.0,278.0,0.0,3.0,True
Ezekiel Elliott,DAL,24,RB,16,16,0.0,0.0,0.0,0.0,0.0,0.0,0.0,301.0,1357.0,12.0,71.0,54.0,420.0,2.0,3.0,True
Chris Carson,SEA,25,RB,15,15,0.0,0.0,0.0,0.0,0.0,0.0,0.0,278.0,1230.0,7.0,47.0,37.0,266.0,2.0,7.0,False
Leonard Fournette,JAX,24,RB,15,15,0.0,0.0,0.0,0.0,0.0,0.0,0.0,265.0,1152.0,3.0,100.0,76.0,522.0,0.0,1.0,False
Josh Jacobs,OAK,21,RB,13,13,0.0,0.0,0.0,0.0,0.0,0.0,0.0,242.0,1150.0,7.0,27.0,20.0,166.0,0.0,1.0,False
Joe Mixon,CIN,23,RB,16,15,0.0,0.0,0.0,0.0,0.0,0.0,0.0,278.0,1137.0,5.0,45.0,35.0,287.0,3.0,0.0,False
Dalvin Cook,MIN,24,RB,14,14,0.0,0.0,0.0,0.0,0.0,0.0,0.0,250.0,1135.0,13.0,63.0,53.0,519.0,0.0,4.0,True
Marlon Mack,IND,23,RB,14,12,0.0,0.0,0.0,0.0,0.0,0.0,0.0,247.0,1091.0,8.0,17.0,14.0,82.0,0.0,0.0,False
Aaron Jones,GNB,25,RB,16,16,0.0,0.0,0.0,0.0,0.0,0.0,0.0,236.0,1084.0,16.0,68.0,49.0,474.0,3.0,3.0,False
Carlos Hyde,HOU,29,RB,16,14,0.0,0.0,0.0,0.0,0.0,0.0,0.0,245.0,1070.0,6.0,16.0,10.0,42.0,0.0,4.0,False
Mark Ingram,BAL,30,RB,15,15,0.0,0.0,0.0,0.0,0.0,0.0,0.0,202.0,1018.0,10.0,29.0,26.0,247.0,5.0,2.0,True
Phillip Lindsay,DEN,25,RB,16,16,0.0,0.0,0.0,0.0,0.0,0.0,0.0,224.0,1011.0,7.0,48.0,35.0,196.0,0.0,0.0,False
Saquon Barkley,NYG,22,RB,13,13,0.0,0.0,0.0,0.0,0.0,0.0,0.0,217.0,1003.0,6.0,73.0,52.0,438.0,2.0,1.0,False
Sony Michel,NWE,24,RB,16,14,0.0,0.0,0.0,0.0,0.0,0.0,0.0,247.0,912.0,7.0,20.0,12.0,94.0,0.0,2.0,False
Adrian Peterson,WAS,34,RB,15,15,0.0,0.0,0.0,0.0,0.0,0.0,0.0,211.0,898.0,5.0,23.0,17.0,142.0,0.0,3.0,False
David Montgomery,CHI,22,RB,16,8,0.0,0.0,0.0,0.0,0.0,0.0,0.0,242.0,889.0,6.0,35.0,25.0,185.0,1.0,2.0,False
Todd Gurley,LAR,25,RB,15,15,0.0,0.0,0.0,0.0,0.0,0.0,0.0,223.0,857.0,12.0,49.0,31.0,207.0,2.0,3.0,False
Miles Sanders,PHI,22,RB,16,11,0.0,0.0,0.0,0.0,0.0,0.0,0.0,179.0,818.0,3.0,63.0,50.0,509.0,3.0,2.0,False
Kenyan Drake,2TM,25,RB,14,10,0.0,0.0,0.0,0.0,0.0,0.0,0.0,170.0,817.0,8.0,68.0,50.0,345.0,0.0,2.0,False
Le'Veon Bell,NYJ,27,RB,15,15,0.0,0.0,0.0,0.0,0.0,0.0,0.0,245.0,789.0,3.0,78.0,66.0,461.0,1.0,1.0,False
Devin Singletary,BUF,22,RB,12,8,0.0,0.0,0.0,0.0,0.0,0.0,0.0,151.0,775.0,2.0,41.0,29.0,194.0,2.0,4.0,False
Raheem Mostert,SFO,27,RB,16,0,0.0,0.0,0.0,0.0,0.0,0.0,0.0,137.0,772.0,8.0,22.0,14.0,180.0,2.0,2.0,False
Ronald Jones,TAM,22,RB,16,9,0.0,0.0,0.0,0.0,0.0,0.0,0.0,172.0,724.0,6.0,40.0,31.0,309.0,0.0,3.0,False
Gus Edwards,BAL,24,RB,16,1,0.0,0.0,0.0,0.0,0.0,0.0,0.0,133.0,711.0,2.0,7.0,7.0,45.0,0.0,2.0,False
Devonta Freeman,ATL,27,RB,14,14,0.0,0.0,0.0,0.0,0.0,0.0,0.0,184.0,656.0,2.0,70.0,59.0,410.0,4.0,3.0,False
Latavius Murray,NOR,29,RB,16,8,0.0,0.0,0.0,0.0,0.0,0.0,0.0,146.0,637.0,5.0,43.0,34.0,235.0,1.0,0.0,False
Matt Breida,SFO,24,RB,13,5,0.0,0.0,0.0,0.0,0.0,0.0,0.0,123.0,623.0,1.0,22.0,19.0,120.0,1.0,2.0,False
Melvin Gordon,LAC,26,RB,12,11,0.0,0.0,0.0,0.0,0.0,0.0,0.0,162.0,612.0,8.0,55.0,42.0,296.0,1.0,4.0,False
Frank Gore,BUF,36,RB,16,8,0.0,0.0,0.0,0.0,0.0,0.0,0.0,166.0,599.0,2.0,16.0,13.0,100.0,0.0,0.0,False
Austin Ekeler,LAC,24,RB,16,8,0.0,0.0,0.0,0.0,0.0,0.0,0.0,132.0,557.0,3.0,108.0,92.0,993.0,8.0,3.0,False
Tevin Coleman,SFO,26,RB,14,11,0.0,0.0,0.0,0.0,0.0,0.0,0.0,137.0,544.0,6.0,30.0,21.0,180.0,1.0,0.0,False
Jordan Howard,PHI,25,RB,10,4,0.0,0.0,0.0,0.0,0.0,0.0,0.0,119.0,525.0,6.0,14.0,10.0,69.0,1.0,0.0,False
Damien Williams,KAN,27,RB,11,6,0.0,0.0,0.0,0.0,0.0,0.0,0.0,111.0,498.0,5.0,37.0,30.0,213.0,2.0,1.0,False
Royce Freeman,DEN,23,RB,16,0,0.0,0.0,0.0,0.0,0.0,0.0,0.0,132.0,496.0,3.0,50.0,43.0,256.0,1.0,0.0,False
Peyton Barber,TAM,25,RB,16,7,0.0,0.0,0.0,0.0,0.0,0.0,0.0,154.0,470.0,6.0,24.0,16.0,115.0,1.0,1.0,False
LeSean McCoy,KAN,31,RB,13,9,0.0,0.0,0.0,0.0,0.0,0.0,0.0,101.0,465.0,4.0,34.0,28.0,181.0,1.0,3.0,False
James Conner,PIT,24,RB,10,10,0.0,0.0,0.0,0.0,0.0,0.0,0.0,116.0,464.0,4.0,38.0,34.0,251.0,3.0,1.0,False
Alexander Mattison,MIN,21,RB,13,0,0.0,0.0,0.0,0.0,0.0,0.0,0.0,100.0,462.0,1.0,12.0,10.0,82.0,0.0,1.0,False
Jamaal Williams,GNB,24,RB,14,2,0.0,0.0,0.0,0.0,0.0,0.0,0.0,107.0,460.0,1.0,45.0,39.0,253.0,5.0,0.0,False
Tony Pollard,DAL,22,RB,15,0,0.0,0.0,0.0,0.0,0.0,0.0,0.0,86.0,455.0,2.0,20.0,15.0,107.0,1.0,1.0,False
Benny Snell,PIT,21,RB,13,2,0.0,0.0,0.0,0.0,0.0,0.0,0.0,108.0,426.0,2.0,4.0,3.0,23.0,0.0,1.0,False
Duke Johnson,HOU,26,RB,16,2,0.0,0.0,0.0,0.0,0.0,0.0,0.0,83.0,410.0,2.0,62.0,44.0,410.0,3.0,1.0,False
Kerryon Johnson,DET,22,RB,8,7,0.0,0.0,0.0,0.0,0.0,0.0,0.0,113.0,403.0,3.0,15.0,10.0,127.0,1.0,1.0,False
DeAndre Washington,OAK,26,RB,16,3,0.0,0.0,0.0,0.0,0.0,0.0,0.0,108.0,387.0,3.0,41.0,36.0,292.0,0.0,0.0,False
Bo Scarbrough,DET,23,RB,6,5,0.0,0.0,0.0,0.0,0.0,0.0,0.0,89.0,377.0,1.0,4.0,1.0,5.0,0.0,1.0,False
Rashaad Penny,SEA,23,RB,10,0,0.0,0.0,0.0,0.0,0.0,0.0,0.0,65.0,370.0,3.0,11.0,8.0,83.0,1.0,1.0,False
David Johnson,ARI,28,RB,13,9,0.0,0.0,0.0,0.0,0.0,0.0,0.0,94.0,345.0,2.0,47.0,36.0,370.0,4.0,1.0,False
Gardner Minshew,JAX,23,QB,14,12,0.0,0.0,0.0,0.0,0.0,0.0,0.0,67.0,344.0,0.0,0.0,0.0,0.0,0.0,0.0,False
Brian Hill,ATL,24,RB,12,2,0.0,0.0,0.0,0.0,0.0,0.0,0.0,78.0,323.0,2.0,14.0,10.0,69.0,1.0,0.0,False
Jordan Wilkins,IND,25,RB,14,1,0.0,0.0,0.0,0.0,0.0,0.0,0.0,51.0,307.0,2.0,11.0,7.0,43.0,0.0,0.0,False
Chase Edmonds,ARI,23,RB,13,2,0.0,0.0,0.0,0.0,0.0,0.0,0.0,60.0,303.0,4.0,21.0,12.0,105.0,1.0,0.0,False
Rex Burkhead,NWE,29,RB,13,1,0.0,0.0,0.0,0.0,0.0,0.0,0.0,65.0,302.0,3.0,38.0,27.0,279.0,0.0,1.0,False
Ty Johnson,DET,22,RB,16,1,0.0,0.0,0.0,0.0,0.0,0.0,0.0,63.0,273.0,0.0,31.0,24.0,109.0,0.0,1.0,False
Mike Boone,MIN,24,RB,16,2,0.0,0.0,0.0,0.0,0.0,0.0,0.0,49.0,273.0,3.0,4.0,3.0,17.0,0.0,0.0,False
Malcolm Brown,LAR,26,RB,14,1,0.0,0.0,0.0,0.0,0.0,0.0,0.0,69.0,255.0,5.0,6.0,2.0,16.0,0.0,0.0,False
Boston Scott,PHI,24,RB,11,2,0.0,0.0,0.0,0.0,0.0,0.0,0.0,61.0,245.0,5.0,26.0,24.0,204.0,0.0,4.0,False
Derrius Guice,WAS,22,RB,5,1,0.0,0.0,0.0,0.0,0.0,0.0,0.0,42.0,245.0,2.0,9.0,7.0,79.0,1.0,0.0,False
Jonathan Williams,IND,25,RB,9,1,0.0,0.0,0.0,0.0,0.0,0.0,0.0,49.0,235.0,1.0,5.0,5.0,59.0,0.0,0.0,False
Justice Hill,BAL,22,RB,16,0,0.0,0.0,0.0,0.0,0.0,0.0,0.0,58.0,225.0,2.0,15.0,8.0,70.0,0.0,0.0,False
Tarik Cohen,CHI,24,RB,16,11,0.0,0.0,0.0,0.0,0.0,0.0,0.0,64.0,213.0,0.0,104.0,79.0,456.0,3.0,3.0,False
Dion Lewis,TEN,29,RB,16,1,0.0,0.0,0.0,0.0,0.0,0.0,0.0,54.0,209.0,0.0,32.0,25.0,164.0,1.0,1.0,False
J.D. McKissic,DET,26,RB,16,3,0.0,0.0,0.0,0.0,0.0,0.0,0.0,38.0,205.0,0.0,42.0,34.0,233.0,1.0,0.0,False
Mark Walton,MIA,22,RB,7,4,0.0,0.0,0.0,0.0,0.0,0.0,0.0,53.0,201.0,0.0,21.0,15.0,89.0,0.0,1.0,False
Justin Jackson,LAC,24,RB,7,0,0.0,0.0,0.0,0.0,0.0,0.0,0.0,29.0,200.0,0.0,11.0,9.0,22.0,0.0,0.0,False
Nyheim Hines,IND,23,RB,16,2,0.0,0.0,0.0,0.0,0.0,0.0,0.0,52.0,199.0,2.0,58.0,44.0,320.0,0.0,1.0,False
Kareem Hunt,CLE,24,RB,8,3,0.0,0.0,0.0,0.0,0.0,0.0,0.0,43.0,179.0,2.0,44.0,37.0,285.0,1.0,1.0,False
Giovani Bernard,CIN,28,RB,16,2,0.0,0.0,0.0,0.0,0.0,0.0,0.0,53.0,170.0,0.0,43.0,30.0,234.0,0.0,2.0,False
Patrick Laird,MIA,24,RB,15,4,0.0,0.0,0.0,0.0,0.0,0.0,0.0,62.0,168.0,1.0,30.0,23.0,204.0,0.0,0.0,False
Deebo Samuel,SFO,23,WR,15,11,0.0,0.0,0.0,0.0,0.0,0.0,0.0,14.0,159.0,3.0,81.0,57.0,802.0,3.0,2.0,False
Darrell Henderson,LAR,22,RB,13,0,0.0,0.0,0.0,0.0,0.0,0.0,0.0,39.0,147.0,0.0,6.0,4.0,37.0,0.0,0.0,False
Jalen Richard,OAK,26,RB,16,0,0.0,0.0,0.0,0.0,0.0,0.0,0.0,39.0,145.0,0.0,43.0,36.0,323.0,0.0,2.0,False
Darrel Williams,KAN,24,RB,12,0,0.0,0.0,0.0,0.0,0.0,0.0,0.0,41.0,141.0,3.0,19.0,15.0,167.0,1.0,1.0,False
Chris Thompson,WAS,29,RB,11,0,0.0,0.0,0.0,0.0,0.0,0.0,0.0,37.0,138.0,0.0,58.0,42.0,378.0,0.0,1.0,False
Kalen Ballage,MIA,24,RB,12,6,0.0,0.0,0.0,0.0,0.0,0.0,0.0,74.0,135.0,3.0,24.0,14.0,63.0,0.0,0.0,False
Myles Gaskin,MIA,22,RB,7,0,0.0,0.0,0.0,0.0,0.0,0.0,0.0,36.0,133.0,1.0,12.0,7.0,51.0,0.0,0.0,False
Curtis Samuel,CAR,23,WR,16,15,0.0,0.0,0.0,0.0,0.0,0.0,0.0,19.0,130.0,1.0,105.0,54.0,627.0,6.0,0.0,False
Darwin Thompson,KAN,23,RB,12,0,0.0,0.0,0.0,0.0,0.0,0.0,0.0,37.0,128.0,1.0,10.0,9.0,43.0,0.0,0.0,False
Kerrith Whyte,PIT,23,RB,6,0,0.0,0.0,0.0,0.0,0.0,0.0,0.0,24.0,122.0,0.0,1.0,1.0,9.0,0.0,0.0,False
Reggie Bonnafon,CAR,23,RB,16,0,0.0,0.0,0.0,0.0,0.0,0.0,0.0,16.0,116.0,1.0,9.0,6.0,57.0,0.0,0.0,False
Ameer Abdullah,MIN,26,RB,16,0,0.0,0.0,0.0,0.0,0.0,0.0,0.0,23.0,115.0,0.0,21.0,15.0,88.0,1.0,1.0,False
Robert Woods,LAR,27,WR,15,15,0.0,0.0,0.0,0.0,0.0,0.0,0.0,17.0,115.0,1.0,139.0,90.0,1134.0,2.0,0.0,False
Travis Homer,SEA,21,RB,16,1,0.0,0.0,0.0,0.0,0.0,0.0,0.0,18.0,114.0,0.0,13.0,11.0,56.0,0.0,0.0,False
Wayne Gallman,NYG,25,RB,10,2,0.0,0.0,0.0,0.0,0.0,0.0,0.0,29.0,110.0,2.0,15.0,11.0,102.0,1.0,1.0,False
Ryquell Armstead,JAX,23,RB,16,1,0.0,0.0,0.0,0.0,0.0,0.0,0.0,35.0,108.0,0.0,24.0,14.0,144.0,2.0,0.0,False
Ito Smith,ATL,24,RB,7,0,0.0,0.0,0.0,0.0,0.0,0.0,0.0,22.0,106.0,1.0,14.0,11.0,87.0,0.0,0.0,False
Jeff Wilson,SFO,24,RB,10,0,0.0,0.0,0.0,0.0,0.0,0.0,0.0,27.0,105.0,4.0,5.0,3.0,34.0,1.0,0.0,False
Ty Montgomery,NYJ,26,RB,16,2,0.0,0.0,0.0,0.0,0.0,0.0,0.0,32.0,103.0,0.0,17.0,13.0,90.0,0.0,0.0,False
Cordarrelle Patterson,CHI,28,WR,16,4,0.0,0.0,0.0,0.0,0.0,0.0,0.0,17.0,103.0,0.0,17.0,11.0,83.0,0.0,0.0,False
Christian Kirk,ARI,23,WR,13,13,0.0,0.0,0.0,0.0,0.0,0.0,0.0,10.0,93.0,0.0,108.0,68.0,709.0,3.0,0.0,False
Trey Edmunds,PIT,25,RB,11,0,0.0,0.0,0.0,0.0,0.0,0.0,0.0,22.0,92.0,0.0,7.0,6.0,48.0,0.0,0.0,False
Jon Hilliman,NYG,24,RB,3,1,0.0,0.0,0.0,0.0,0.0,0.0,0.0,30.0,91.0,0.0,4.0,3.0,1.0,0.0,2.0,False
Wendell Smallwood,WAS,25,RB,15,0,0.0,0.0,0.0,0.0,0.0,0.0,0.0,22.0,81.0,0.0,13.0,9.0,64.0,0.0,0.0,False
Jonnu Smith,TEN,24,TE,16,14,0.0,0.0,0.0,0.0,0.0,0.0,0.0,4.0,78.0,0.0,44.0,35.0,439.0,3.0,0.0,False
Trevor Davis,3TM,26,WR,14,4,0.0,0.0,0.0,0.0,0.0,0.0,0.0,4.0,73.0,1.0,11.0,8.0,111.0,0.0,3.0,False
C.J. Prosise,SEA,25,RB,9,0,0.0,0.0,0.0,0.0,0.0,0.0,0.0,23.0,72.0,1.0,12.0,10.0,76.0,0.0,1.0,False
Sterling Shepard,NYG,26,WR,10,10,0.0,0.0,0.0,0.0,0.0,0.0,0.0,6.0,72.0,0.0,83.0,57.0,576.0,3.0,0.0,False
Robert Griffin,BAL,29,QB,7,1,0.0,0.0,0.0,0.0,0.0,0.0,0.0,20.0,70.0,0.0,0.0,0.0,0.0,0.0,0.0,False
Brandon Bolden,NWE,29,RB,15,2,0.0,0.0,0.0,0.0,0.0,0.0,0.0,15.0,68.0,3.0,11.0,9.0,111.0,1.0,0.0,False
Darren Sproles,PHI,36,RB,6,1,0.0,0.0,0.0,0.0,0.0,0.0,0.0,17.0,66.0,0.0,10.0,6.0,24.0,0.0,1.0,False
T.J. Yeldon,BUF,26,RB,6,0,0.0,0.0,0.0,0.0,0.0,0.0,0.0,17.0,63.0,0.0,15.0,13.0,124.0,0.0,1.0,False
Dwayne Washington,NOR,25,RB,16,0,0.0,0.0,0.0,0.0,0.0,0.0,0.0,8.0,60.0,0.0,1.0,1.0,6.0,0.0,0.0,False
A.J. Brown,TEN,22,WR,16,11,0.0,0.0,0.0,0.0,0.0,0.0,0.0,3.0,60.0,1.0,84.0,52.0,1051.0,8.0,1.0,False
Brandin Cooks,LAR,26,WR,14,14,0.0,0.0,0.0,0.0,0.0,0.0,0.0,6.0,52.0,0.0,72.0,42.0,583.0,2.0,0.0,False
Vyncint Smith,NYJ,23,WR,13,4,0.0,0.0,0.0,0.0,0.0,0.0,0.0,3.0,52.0,1.0,31.0,17.0,225.0,0.0,1.0,False
Spencer Ware,KAN,28,RB,3,1,0.0,0.0,0.0,0.0,0.0,0.0,0.0,17.0,51.0,0.0,7.0,5.0,22.0,0.0,1.0,False
Qadree Ollison,ATL,23,RB,8,0,0.0,0.0,0.0,0.0,0.0,0.0,0.0,22.0,50.0,4.0,2.0,1.0,7.0,0.0,1.0,False
Dontrell Hilliard,CLE,24,RB,14,0,0.0,0.0,0.0,0.0,0.0,0.0,0.0,13.0,49.0,2.0,15.0,12.0,92.0,0.0,2.0,False
Isaiah McKenzie,BUF,24,WR,15,8,0.0,0.0,0.0,0.0,0.0,0.0,0.0,8.0,49.0,0.0,39.0,27.0,254.0,1.0,0.0,False
N'Keal Harry,NWE,22,WR,7,5,0.0,0.0,0.0,0.0,0.0,0.0,0.0,5.0,49.0,0.0,24.0,12.0,105.0,2.0,0.0,False
Tra Carson,2TM,27,RB,3,1,0.0,0.0,0.0,0.0,0.0,0.0,0.0,18.0,48.0,0.0,4.0,4.0,18.0,0.0,0.0,False
Tavon Austin,DAL,29,WR,14,0,0.0,0.0,0.0,0.0,0.0,0.0,0.0,6.0,47.0,1.0,24.0,13.0,177.0,1.0,1.0,False
C.J. Anderson,DET,28,RB,2,0,0.0,0.0,0.0,0.0,0.0,0.0,0.0,16.0,43.0,0.0,0.0,0.0,0.0,0.0,0.0,False
Diontae Johnson,PIT,23,WR,16,12,0.0,0.0,0.0,0.0,0.0,0.0,0.0,4.0,41.0,0.0,92.0,59.0,680.0,5.0,5.0,False
Taiwan Jones,HOU,31,RB,11,0,0.0,0.0,0.0,0.0,0.0,0.0,0.0,9.0,40.0,0.0,1.0,1.0,9.0,0.0,0.0,False
D.J. Moore,CAR,22,WR,15,15,0.0,0.0,0.0,0.0,0.0,0.0,0.0,6.0,40.0,0.0,135.0,87.0,1175.0,4.0,2.0,False
Elijhaa Penny,NYG,26,RB,16,1,0.0,0.0,0.0,0.0,0.0,0.0,0.0,15.0,39.0,0.0,4.0,2.0,9.0,0.0,0.0,False
Javorius Allen,NYG,28,RB,10,0,0.0,0.0,0.0,0.0,0.0,0.0,0.0,10.0,36.0,1.0,2.0,1.0,9.0,0.0,0.0,False
Marshawn Lynch,SEA,33,RB,1,0,0.0,0.0,0.0,0.0,0.0,0.0,0.0,12.0,34.0,1.0,0.0,0.0,0.0,0.0,0.0,False
Parris Campbell,IND,22,WR,7,3,0.0,0.0,0.0,0.0,0.0,0.0,0.0,4.0,34.0,0.0,24.0,18.0,127.0,1.0,3.0,False
Calvin Ridley,ATL,25,WR,13,10,0.0,0.0,0.0,0.0,0.0,0.0,0.0,2.0,34.0,0.0,93.0,63.0,866.0,7.0,0.0,False
Deonte Harris,NOR,22,WR,14,1,0.0,0.0,0.0,0.0,0.0,0.0,0.0,4.0,31.0,0.0,6.0,6.0,24.0,0.0,3.0,False
Jay Ajayi,PHI,26,RB,3,0,0.0,0.0,0.0,0.0,0.0,0.0,0.0,10.0,30.0,0.0,0.0,0.0,0.0,0.0,0.0,False
Paul Perkins,DET,25,RB,4,0,0.0,0.0,0.0,0.0,0.0,0.0,0.0,12.0,29.0,0.0,1.0,1.0,9.0,0.0,0.0,False
Robert Foster,BUF,25,WR,13,2,0.0,0.0,0.0,0.0,0.0,0.0,0.0,2.0,29.0,0.0,18.0,3.0,64.0,0.0,0.0,False
Kenjon Barner,ATL,29,RB,14,0,0.0,0.0,0.0,0.0,0.0,0.0,0.0,4.0,28.0,0.0,8.0,6.0,22.0,0.0,4.0,False
Mike Davis,2TM,26,RB,12,1,0.0,0.0,0.0,0.0,0.0,0.0,0.0,13.0,27.0,0.0,8.0,7.0,22.0,0.0,0.0,False
Devine Ozigbo,JAX,23,RB,10,0,0.0,0.0,0.0,0.0,0.0,0.0,0.0,9.0,27.0,0.0,5.0,3.0,23.0,0.0,0.0,False
Dede Westbrook,JAX,26,WR,15,11,0.0,0.0,0.0,0.0,0.0,0.0,0.0,5.0,27.0,0.0,101.0,66.0,660.0,3.0,1.0,False
Derek Carrier,OAK,29,TE,16,4,0.0,0.0,0.0,0.0,0.0,0.0,0.0,1.0,27.0,0.0,19.0,13.0,108.0,1.0,0.0,False
Dalyn Dawkins,TEN,25,RB,2,0,0.0,0.0,0.0,0.0,0.0,0.0,0.0,11.0,26.0,0.0,0.0,0.0,0.0,0.0,0.0,False
David Moore,SEA,24,WR,14,1,0.0,0.0,0.0,0.0,0.0,0.0,0.0,3.0,25.0,0.0,34.0,17.0,301.0,2.0,2.0,False
Tyreek Hill,KAN,25,WR,12,12,0.0,0.0,0.0,0.0,0.0,0.0,0.0,8.0,23.0,0.0,89.0,58.0,860.0,7.0,0.0,True
Josh Reynolds,LAR,24,WR,16,2,0.0,0.0,0.0,0.0,0.0,0.0,0.0,5.0,23.0,0.0,43.0,21.0,326.0,1.0,0.0,False
Tyler Boyd,CIN,25,WR,16,15,0.0,0.0,0.0,0.0,0.0,0.0,0.0,4.0,23.0,0.0,148.0,90.0,1046.0,5.0,2.0,False
George Kittle,SFO,26,TE,14,14,0.0,0.0,0.0,0.0,0.0,0.0,0.0,5.0,22.0,0.0,107.0,85.0,1053.0,5.0,1.0,True
Wes Hills,DET,24,RB,1,1,0.0,0.0,0.0,0.0,0.0,0.0,0.0,10.0,21.0,2.0,2.0,2.0,1.0,0.0,0.0,False
D'Ernest Johnson,CLE,23,RB,16,0,0.0,0.0,0.0,0.0,0.0,0.0,0.0,4.0,21.0,0.0,7.0,6.0,71.0,0.0,0.0,False
Phillip Dorsett,NWE,26,WR,14,4,0.0,0.0,0.0,0.0,0.0,0.0,0.0,3.0,21.0,0.0,54.0,29.0,397.0,5.0,0.0,False
Allen Lazard,GNB,24,WR,16,3,0.0,0.0,0.0,0.0,0.0,0.0,0.0,1.0,21.0,0.0,52.0,35.0,477.0,3.0,0.0,False
Troymaine Pope,LAC,26,RB,14,0,0.0,0.0,0.0,0.0,0.0,0.0,0.0,10.0,20.0,0.0,3.0,2.0,14.0,1.0,1.0,False
Taylor Gabriel,CHI,28,WR,9,7,0.0,0.0,0.0,0.0,0.0,0.0,0.0,3.0,20.0,0.0,48.0,29.0,353.0,4.0,0.0,False
DJ Chark,JAX,23,WR,15,14,0.0,0.0,0.0,0.0,0.0,0.0,0.0,2.0,20.0,0.0,118.0,73.0,1008.0,8.0,0.0,True
Bennie Fowler,NYG,28,WR,8,2,0.0,0.0,0.0,0.0,0.0,0.0,0.0,1.0,20.0,0.0,36.0,23.0,193.0,0.0,0.0,False
Ted Ginn,NOR,34,WR,16,9,0.0,0.0,0.0,0.0,0.0,0.0,0.0,3.0,18.0,0.0,56.0,30.0,421.0,2.0,0.0,False
Chester Rogers,IND,25,WR,12,6,0.0,0.0,0.0,0.0,0.0,0.0,0.0,1.0,18.0,0.0,28.0,16.0,179.0,2.0,2.0,False
Dare Ogunbowale,TAM,25,RB,16,0,0.0,0.0,0.0,0.0,0.0,0.0,0.0,11.0,17.0,2.0,46.0,35.0,286.0,0.0,2.0,False
Mecole Hardman,KAN,21,WR,16,5,0.0,0.0,0.0,0.0,0.0,0.0,0.0,4.0,17.0,0.0,41.0,26.0,538.0,6.0,2.0,False
Samaje Perine,2TM,24,RB,7,0,0.0,0.0,0.0,0.0,0.0,0.0,0.0,5.0,16.0,0.0,0.0,0.0,0.0,0.0,0.0,False
Keenan Allen,LAC,27,WR,16,16,0.0,0.0,0.0,0.0,0.0,0.0,0.0,3.0,16.0,0.0,149.0,104.0,1199.0,6.0,0.0,True
Scott Miller,TAM,22,WR,10,2,0.0,0.0,0.0,0.0,0.0,0.0,0.0,2.0,16.0,0.0,26.0,13.0,200.0,1.0,0.0,False
Breshad Perriman,TAM,26,WR,14,4,0.0,0.0,0.0,0.0,0.0,0.0,0.0,2.0,16.0,0.0,69.0,36.0,645.0,6.0,0.0,False
Golden Tate,NYG,31,WR,11,10,0.0,0.0,0.0,0.0,0.0,0.0,0.0,1.0,16.0,0.0,85.0,49.0,676.0,6.0,1.0,False
Andy Isabella,ARI,23,WR,15,1,0.0,0.0,0.0,0.0,0.0,0.0,0.0,4.0,15.0,0.0,13.0,9.0,189.0,1.0,0.0,False
Marquise Goodwin,SFO,29,WR,9,6,0.0,0.0,0.0,0.0,0.0,0.0,0.0,1.0,15.0,0.0,21.0,12.0,186.0,1.0,0.0,False
Keke Coutee,HOU,22,WR,9,4,0.0,0.0,0.0,0.0,0.0,0.0,0.0,2.0,14.0,1.0,36.0,22.0,254.0,0.0,1.0,False
Josh Adams,NYJ,23,RB,3,0,0.0,0.0,0.0,0.0,0.0,0.0,0.0,8.0,12.0,0.0,0.0,0.0,0.0,0.0,0.0,False
Russell Gage,ATL,23,WR,16,4,0.0,0.0,0.0,0.0,0.0,0.0,0.0,4.0,12.0,0.0,74.0,49.0,446.0,1.0,1.0,False
Damien Harris,NWE,22,RB,2,0,0.0,0.0,0.0,0.0,0.0,0.0,0.0,4.0,12.0,0.0,0.0,0.0,0.0,0.0,0.0,False
Sammy Watkins,KAN,26,WR,14,13,0.0,0.0,0.0,0.0,0.0,0.0,0.0,2.0,12.0,0.0,90.0,52.0,673.0,3.0,2.0,False
Dexter Williams,GNB,22,RB,4,0,0.0,0.0,0.0,0.0,0.0,0.0,0.0,5.0,11.0,0.0,0.0,0.0,0.0,0.0,0.0,False
Mohamed Sanu,2TM,30,WR,15,12,0.0,0.0,0.0,0.0,0.0,0.0,0.0,3.0,11.0,0.0,89.0,59.0,520.0,2.0,0.0,False
D.K. Metcalf,SEA,22,WR,16,15,0.0,0.0,0.0,0.0,0.0,0.0,0.0,2.0,11.0,0.0,100.0,58.0,900.0,7.0,3.0,False
Isaiah Ford,MIA,23,WR,8,0,0.0,0.0,0.0,0.0,0.0,0.0,0.0,1.0,11.0,0.0,35.0,23.0,244.0,0.0,0.0,False
John Franklin,TAM,25,WR,1,0,0.0,0.0,0.0,0.0,0.0,0.0,0.0,1.0,11.0,0.0,0.0,0.0,0.0,0.0,0.0,False
Buddy Howell,HOU,23,RB,16,0,0.0,0.0,0.0,0.0,0.0,0.0,0.0,5.0,10.0,0.0,0.0,0.0,0.0,0.0,0.0,False
Odell Beckham,CLE,27,WR,16,15,0.0,0.0,0.0,0.0,0.0,0.0,0.0,3.0,10.0,0.0,133.0,74.0,1035.0,4.0,1.0,False
T.J. Logan,TAM,25,RB,12,0,0.0,0.0,0.0,0.0,0.0,0.0,0.0,3.0,10.0,0.0,3.0,2.0,13.0,0.0,0.0,False
Tyler Ervin,2TM,26,RB,10,0,0.0,0.0,0.0,0.0,0.0,0.0,0.0,1.0,10.0,0.0,4.0,2.0,11.0,0.0,2.0,False
Jarvis Landry,CLE,27,WR,16,16,0.0,0.0,0.0,0.0,0.0,0.0,0.0,1.0,10.0,0.0,138.0,83.0,1174.0,6.0,0.0,True
Jordan Scarlett,CAR,23,RB,9,0,0.0,0.0,0.0,0.0,0.0,0.0,0.0,4.0,9.0,0.0,0.0,0.0,0.0,0.0,0.0,False
Josh Ferguson,WAS,26,RB,2,0,0.0,0.0,0.0,0.0,0.0,0.0,0.0,3.0,9.0,0.0,0.0,0.0,0.0,0.0,0.0,False
John Kelly,LAR,23,RB,4,0,0.0,0.0,0.0,0.0,0.0,0.0,0.0,3.0,9.0,0.0,0.0,0.0,0.0,0.0,0.0,False
Devontae Booker,DEN,27,RB,16,0,0.0,0.0,0.0,0.0,0.0,0.0,0.0,2.0,9.0,0.0,9.0,6.0,57.0,0.0,0.0,False
Marquez Valdes-Scantling,GNB,25,WR,16,10,0.0,0.0,0.0,0.0,0.0,0.0,0.0,2.0,9.0,0.0,56.0,26.0,452.0,2.0,0.0,False
Johnny Holton,PIT,28,WR,16,3,0.0,0.0,0.0,0.0,0.0,0.0,0.0,1.0,9.0,0.0,15.0,3.0,21.0,0.0,0.0,False
Dawson Knox,BUF,23,TE,15,11,0.0,0.0,0.0,0.0,0.0,0.0,0.0,1.0,9.0,0.0,50.0,28.0,388.0,2.0,0.0,False
Ryan Nall,CHI,24,RB,8,0,0.0,0.0,0.0,0.0,0.0,0.0,0.0,2.0,8.0,0.0,0.0,0.0,0.0,0.0,0.0,False
Chris Godwin,TAM,23,WR,14,14,0.0,0.0,0.0,0.0,0.0,0.0,0.0,1.0,8.0,0.0,121.0,86.0,1333.0,9.0,0.0,True
Tony Brooks-James,PIT,25,RB,3,0,0.0,0.0,0.0,0.0,0.0,0.0,0.0,8.0,7.0,0.0,0.0,0.0,0.0,0.0,0.0,False
Evan Engram,NYG,25,TE,8,6,0.0,0.0,0.0,0.0,0.0,0.0,0.0,3.0,7.0,0.0,68.0,44.0,467.0,3.0,0.0,False
Nelson Agholor,PHI,26,WR,11,10,0.0,0.0,0.0,0.0,0.0,0.0,0.0,2.0,7.0,0.0,69.0,39.0,363.0,3.0,2.0,False
Geronimo Allison,GNB,25,WR,16,6,0.0,0.0,0.0,0.0,0.0,0.0,0.0,1.0,7.0,0.0,55.0,34.0,287.0,2.0,2.0,False
Will Dissly,SEA,23,TE,6,6,0.0,0.0,0.0,0.0,0.0,0.0,0.0,1.0,7.0,0.0,27.0,23.0,262.0,4.0,1.0,False
Marvin Hall,DET,26,WR,9,0,0.0,0.0,0.0,0.0,0.0,0.0,0.0,1.0,7.0,0.0,11.0,7.0,261.0,1.0,0.0,False
Andre Roberts,BUF,31,WR,13,0,0.0,0.0,0.0,0.0,0.0,0.0,0.0,1.0,7.0,0.0,7.0,3.0,20.0,0.0,1.0,False
Adam Thielen,MIN,29,WR,10,10,0.0,0.0,0.0,0.0,0.0,0.0,0.0,4.0,6.0,1.0,48.0,30.0,418.0,6.0,0.0,False
De'Lance Turner,MIA,24,RB,8,0,0.0,0.0,0.0,0.0,0.0,0.0,0.0,4.0,6.0,0.0,0.0,0.0,0.0,0.0,0.0,False
Diontae Spencer,DEN,27,WR,16,2,0.0,0.0,0.0,0.0,0.0,0.0,0.0,3.0,6.0,0.0,8.0,6.0,31.0,0.0,3.0,False
Keelan Cole,JAX,26,WR,16,1,0.0,0.0,0.0,0.0,0.0,0.0,0.0,1.0,6.0,0.0,35.0,24.0,361.0,3.0,0.0,False
Amari Cooper,DAL,25,WR,16,16,0.0,0.0,0.0,0.0,0.0,0.0,0.0,1.0,6.0,0.0,119.0,79.0,1189.0,8.0,0.0,True
Olabisi Johnson,MIN,22,WR,16,6,0.0,0.0,0.0,0.0,0.0,0.0,0.0,1.0,6.0,0.0,45.0,31.0,294.0,3.0,0.0,False
Jakeem Grant,MIA,27,WR,10,2,0.0,0.0,0.0,0.0,0.0,0.0,0.0,4.0,5.0,1.0,33.0,19.0,164.0,0.0,2.0,False
De'Anthony Thomas,2TM,26,RB,14,0,0.0,0.0,0.0,0.0,0.0,0.0,0.0,2.0,5.0,0.0,0.0,0.0,0.0,0.0,0.0,False
Darren Waller,OAK,27,TE,16,16,0.0,0.0,0.0,0.0,0.0,0.0,0.0,2.0,5.0,0.0,117.0,90.0,1145.0,3.0,1.0,False
Antonio Brown,NWE,31,WR,1,0,0.0,0.0,0.0,0.0,0.0,0.0,0.0,1.0,5.0,0.0,8.0,4.0,56.0,1.0,0.0,False
Da'Mari Scott,NYG,24,WR,5,2,0.0,0.0,0.0,0.0,0.0,0.0,0.0,1.0,5.0,0.0,3.0,2.0,22.0,0.0,0.0,False
Greg Ward,PHI,24,WR,7,3,0.0,0.0,0.0,0.0,0.0,0.0,0.0,1.0,5.0,0.0,40.0,28.0,254.0,1.0,0.0,False
John Ross,CIN,25,WR,8,8,0.0,0.0,0.0,0.0,0.0,0.0,0.0,3.0,4.0,0.0,56.0,28.0,506.0,3.0,1.0,False
Robby Anderson,NYJ,26,WR,16,15,0.0,0.0,0.0,0.0,0.0,0.0,0.0,1.0,4.0,0.0,96.0,52.0,779.0,5.0,1.0,False
Jamison Crowder,NYJ,26,WR,16,12,0.0,0.0,0.0,0.0,0.0,0.0,0.0,1.0,4.0,0.0,122.0,78.0,833.0,6.0,0.0,False
Travis Kelce,KAN,30,TE,16,16,0.0,0.0,0.0,0.0,0.0,0.0,0.0,1.0,4.0,1.0,136.0,97.0,1229.0,5.0,1.0,True
Alfred Morris,ARI,31,RB,1,0,0.0,0.0,0.0,0.0,0.0,0.0,0.0,1.0,4.0,0.0,0.0,0.0,0.0,0.0,0.0,False
Senorise Perry,BUF,28,RB,11,0,0.0,0.0,0.0,0.0,0.0,0.0,0.0,3.0,3.0,0.0,1.0,1.0,1.0,0.0,0.0,False
KeeSean Johnson,ARI,23,WR,10,4,0.0,0.0,0.0,0.0,0.0,0.0,0.0,1.0,3.0,0.0,42.0,21.0,187.0,1.0,1.0,False
Zay Jones,2TM,24,WR,15,9,0.0,0.0,0.0,0.0,0.0,0.0,0.0,1.0,3.0,0.0,45.0,27.0,216.0,0.0,0.0,False
Willie Snead,BAL,27,WR,16,11,0.0,0.0,0.0,0.0,0.0,0.0,0.0,2.0,2.0,0.0,46.0,31.0,339.0,5.0,0.0,False
Pharoh Cooper,2TM,24,WR,13,1,0.0,0.0,0.0,0.0,0.0,0.0,0.0,1.0,2.0,0.0,33.0,25.0,243.0,1.0,0.0,False
Alshon Jeffery,PHI,29,WR,10,10,0.0,0.0,0.0,0.0,0.0,0.0,0.0,1.0,2.0,1.0,73.0,43.0,490.0,4.0,0.0,False
Vance McDonald,PIT,29,TE,14,14,0.0,0.0,0.0,0.0,0.0,0.0,0.0,1.0,2.0,0.0,55.0,38.0,273.0,3.0,1.0,False
Allen Robinson,CHI,26,WR,16,15,0.0,0.0,0.0,0.0,0.0,0.0,0.0,1.0,2.0,0.0,154.0,98.0,1147.0,7.0,0.0,False
Trevon Wesco,NYJ,24,TE,16,1,0.0,0.0,0.0,0.0,0.0,0.0,0.0,1.0,2.0,0.0,3.0,2.0,47.0,0.0,0.0,False
Mike Williams,LAC,25,WR,15,15,0.0,0.0,0.0,0.0,0.0,0.0,0.0,1.0,2.0,0.0,90.0,49.0,1001.0,2.0,0.0,False
Adam Humphries,TEN,26,WR,12,3,0.0,0.0,0.0,0.0,0.0,0.0,0.0,1.0,1.0,0.0,47.0,37.0,374.0,2.0,1.0,False
Marqise Lee,JAX,28,WR,6,1,0.0,0.0,0.0,0.0,0.0,0.0,0.0,1.0,1.0,0.0,4.0,3.0,18.0,0.0,0.0,False
Trace McSorley,BAL,24,QB,1,0,0.0,0.0,0.0,0.0,0.0,0.0,0.0,1.0,1.0,0.0,0.0,0.0,0.0,0.0,0.0,False
Marvin Jones,DET,29,WR,13,11,0.0,0.0,0.0,0.0,0.0,0.0,0.0,2.0,0.0,0.0,91.0,62.0,779.0,9.0,0.0,False
Gerald Everett,LAR,25,TE,13,2,0.0,0.0,0.0,0.0,0.0,0.0,0.0,1.0,0.0,0.0,60.0,37.0,408.0,2.0,0.0,False
Chris Moore,BAL,26,WR,14,1,0.0,0.0,0.0,0.0,0.0,0.0,0.0,1.0,0.0,0.0,5.0,3.0,21.0,0.0,0.0,False
Paul Richardson,WAS,27,WR,10,6,0.0,0.0,0.0,0.0,0.0,0.0,0.0,1.0,0.0,0.0,42.0,28.0,245.0,2.0,0.0,False
Ryan Griffin,TAM,30,TE,2,0,0.0,0.0,0.0,0.0,0.0,0.0,0.0,4.0,-1.0,0.0,0.0,0.0,0.0,0.0,0.0,False
Richie James,SFO,24,WR,16,1,0.0,0.0,0.0,0.0,0.0,0.0,0.0,2.0,-1.0,0.0,10.0,6.0,165.0,1.0,1.0,False
Anthony Miller,CHI,25,WR,16,7,0.0,0.0,0.0,0.0,0.0,0.0,0.0,1.0,-1.0,0.0,85.0,52.0,656.0,2.0,1.0,False
Zach Zenner,3TM,28,RB,5,0,0.0,0.0,0.0,0.0,0.0,0.0,0.0,3.0,-2.0,0.0,3.0,2.0,19.0,0.0,0.0,False
Nick Mullens,SFO,24,QB,1,0,0.0,0.0,0.0,0.0,0.0,0.0,0.0,3.0,-3.0,0.0,0.0,0.0,0.0,0.0,0.0,False
Julio Jones,ATL,30,WR,15,15,0.0,0.0,0.0,0.0,0.0,0.0,0.0,2.0,-3.0,0.0,157.0,99.0,1394.0,6.0,1.0,True
Tyler Lockett,SEA,27,WR,16,16,0.0,0.0,0.0,0.0,0.0,0.0,0.0,4.0,-5.0,0.0,110.0,82.0,1057.0,8.0,1.0,False
Kalif Raymond,TEN,25,WR,8,1,0.0,0.0,0.0,0.0,0.0,0.0,0.0,1.0,-5.0,0.0,12.0,9.0,170.0,1.0,1.0,False
Jarius Wright,CAR,30,WR,16,9,0.0,0.0,0.0,0.0,0.0,0.0,0.0,1.0,-7.0,0.0,58.0,28.0,296.0,0.0,0.0,False
Michael Thomas,NOR,26,WR,16,15,0.0,0.0,0.0,0.0,0.0,0.0,0.0,1.0,-9.0,0.0,185.0,149.0,1725.0,9.0,1.0,True
Noah Fant,DEN,22,TE,16,11,0.0,0.0,0.0,0.0,0.0,0.0,0.0,3.0,-12.0,0.0,66.0,40.0,562.0,3.0,1.0,False
DeVante Parker,MIA,26,WR,16,14,0.0,0.0,0.0,0.0,0.0,0.0,0.0,0.0,0.0,0.0,128.0,72.0,1202.0,9.0,0.0,False
Kenny Golladay,DET,26,WR,16,16,0.0,0.0,0.0,0.0,0.0,0.0,0.0,0.0,0.0,0.0,116.0,65.0,1190.0,11.0,1.0,True
Mike Evans,TAM,26,WR,13,13,0.0,0.0,0.0,0.0,0.0,0.0,0.0,0.0,0.0,0.0,118.0,67.0,1157.0,8.0,0.0,True
Michael Gallup,DAL,23,WR,14,12,0.0,0.0,0.0,0.0,0.0,0.0,0.0,0.0,0.0,0.0,113.0,66.0,1107.0,6.0,0.0,False
Davante Adams,GNB,27,WR,12,12,0.0,0.0,0.0,0.0,0.0,0.0,0.0,0.0,0.0,0.0,127.0,83.0,997.0,5.0,2.0,True
Terry McLaurin,WAS,24,WR,14,14,0.0,0.0,0.0,0.0,0.0,0.0,0.0,0.0,0.0,0.0,93.0,58.0,919.0,7.0,0.0,False
Zach Ertz,PHI,29,TE,15,15,0.0,0.0,0.0,0.0,0.0,0.0,0.0,0.0,0.0,0.0,135.0,88.0,916.0,6.0,1.0,True
Mark Andrews,BAL,23,TE,15,4,0.0,0.0,0.0,0.0,0.0,0.0,0.0,0.0,0.0,0.0,98.0,64.0,852.0,10.0,2.0,True
Larry Fitzgerald,ARI,36,WR,16,16,0.0,0.0,0.0,0.0,0.0,0.0,0.0,0.0,0.0,0.0,109.0,75.0,804.0,4.0,1.0,False
Austin Hooper,ATL,25,TE,13,10,0.0,0.0,0.0,0.0,0.0,0.0,0.0,0.0,0.0,0.0,97.0,75.0,787.0,6.0,0.0,True
Cole Beasley,BUF,30,WR,15,10,0.0,0.0,0.0,0.0,0.0,0.0,0.0,0.0,0.0,0.0,106.0,67.0,778.0,6.0,0.0,False
Chris Conley,JAX,27,WR,16,14,0.0,0.0,0.0,0.0,0.0,0.0,0.0,0.0,0.0,0.0,90.0,47.0,775.0,5.0,0.0,False
Darius Slayton,NYG,22,WR,14,9,0.0,0.0,0.0,0.0,0.0,0.0,0.0,0.0,0.0,0.0,84.0,48.0,740.0,8.0,0.0,False
James Washington,PIT,23,WR,15,10,0.0,0.0,0.0,0.0,0.0,0.0,0.0,0.0,0.0,0.0,80.0,44.0,735.0,3.0,1.0,False
Tyler Higbee,LAR,26,TE,15,15,0.0,0.0,0.0,0.0,0.0,0.0,0.0,0.0,0.0,0.0,89.0,69.0,734.0,3.0,0.0,False
Jared Cook,NOR,32,TE,14,7,0.0,0.0,0.0,0.0,0.0,0.0,0.0,0.0,0.0,0.0,65.0,43.0,705.0,9.0,0.0,True
Will Fuller,HOU,25,WR,11,11,0.0,0.0,0.0,0.0,0.0,0.0,0.0,0.0,0.0,0.0,71.0,49.0,670.0,3.0,1.0,False
Hunter Henry,LAC,25,TE,12,12,0.0,0.0,0.0,0.0,0.0,0.0,0.0,0.0,0.0,0.0,76.0,55.0,652.0,5.0,1.0,False
Tyrell Williams,OAK,27,WR,14,12,0.0,0.0,0.0,0.0,0.0,0.0,0.0,0.0,0.0,0.0,64.0,42.0,651.0,6.0,0.0,False
Dallas Goedert,PHI,24,TE,15,9,0.0,0.0,0.0,0.0,0.0,0.0,0.0,0.0,0.0,0.0,87.0,58.0,607.0,5.0,2.0,False
Hunter Renfrow,OAK,24,WR,13,4,0.0,0.0,0.0,0.0,0.0,0.0,0.0,0.0,0.0,0.0,71.0,49.0,605.0,4.0,1.0,False
Corey Davis,TEN,24,WR,15,11,0.0,0.0,0.0,0.0,0.0,0.0,0.0,0.0,0.0,0.0,69.0,43.0,601.0,2.0,1.0,False
Greg Olsen,CAR,34,TE,14,14,0.0,0.0,0.0,0.0,0.0,0.0,0.0,0.0,0.0,0.0,82.0,52.0,597.0,2.0,0.0,False
Marquise Brown,BAL,22,WR,14,11,0.0,0.0,0.0,0.0,0.0,0.0,0.0,0.0,0.0,0.0,71.0,46.0,584.0,7.0,0.0,False
Auden Tate,CIN,22,WR,12,10,0.0,0.0,0.0,0.0,0.0,0.0,0.0,0.0,0.0,0.0,80.0,40.0,575.0,1.0,1.0,False
Mike Gesicki,MIA,24,TE,16,5,0.0,0.0,0.0,0.0,0.0,0.0,0.0,0.0,0.0,0.0,89.0,51.0,570.0,5.0,1.0,False
Kenny Stills,HOU,27,WR,13,5,0.0,0.0,0.0,0.0,0.0,0.0,0.0,0.0,0.0,0.0,55.0,40.0,561.0,4.0,0.0,False
JuJu Smith-Schuster,PIT,23,WR,12,12,0.0,0.0,0.0,0.0,0.0,0.0,0.0,0.0,0.0,0.0,70.0,42.0,552.0,3.0,1.0,False
Jason Witten,DAL,37,TE,16,16,0.0,0.0,0.0,0.0,0.0,0.0,0.0,0.0,0.0,0.0,83.0,63.0,529.0,4.0,1.0,False
T.Y. Hilton,IND,30,WR,10,10,0.0,0.0,0.0,0.0,0.0,0.0,0.0,0.0,0.0,0.0,68.0,45.0,501.0,5.0,0.0,False
O.J. Howard,TAM,25,TE,14,14,0.0,0.0,0.0,0.0,0.0,0.0,0.0,0.0,0.0,0.0,53.0,34.0,459.0,1.0,1.0,False
Demarcus Robinson,KAN,25,WR,16,10,0.0,0.0,0.0,0.0,0.0,0.0,0.0,0.0,0.0,0.0,55.0,32.0,449.0,4.0,0.0,False
Jack Doyle,IND,29,TE,16,16,0.0,0.0,0.0,0.0,0.0,0.0,0.0,0.0,0.0,0.0,72.0,43.0,448.0,4.0,1.0,True
Jimmy Graham,GNB,33,TE,16,10,0.0,0.0,0.0,0.0,0.0,0.0,0.0,0.0,0.0,0.0,60.0,38.0,447.0,3.0,1.0,False
Tyler Eifert,CIN,29,TE,16,4,0.0,0.0,0.0,0.0,0.0,0.0,0.0,0.0,0.0,0.0,63.0,43.0,436.0,3.0,0.0,False
Demaryius Thomas,NYJ,32,WR,11,10,0.0,0.0,0.0,0.0,0.0,0.0,0.0,0.0,0.0,0.0,58.0,36.0,433.0,1.0,0.0,False
Preston Williams,MIA,22,WR,8,7,0.0,0.0,0.0,0.0,0.0,0.0,0.0,0.0,0.0,0.0,60.0,32.0,428.0,3.0,2.0,False
Jordan Akins,HOU,27,TE,16,9,0.0,0.0,0.0,0.0,0.0,0.0,0.0,0.0,0.0,0.0,55.0,36.0,418.0,2.0,0.0,False
Allen Hurns,MIA,28,WR,14,7,0.0,0.0,0.0,0.0,0.0,0.0,0.0,0.0,0.0,0.0,47.0,32.0,416.0,2.0,1.0,False
Eric Ebron,IND,26,TE,11,2,0.0,0.0,0.0,0.0,0.0,0.0,0.0,0.0,0.0,0.0,52.0,31.0,375.0,3.0,0.0,False
Kyle Rudolph,MIN,30,TE,16,16,0.0,0.0,0.0,0.0,0.0,0.0,0.0,0.0,0.0,0.0,48.0,39.0,367.0,6.0,0.0,False
T.J. Hockenson,DET,22,TE,12,7,0.0,0.0,0.0,0.0,0.0,0.0,0.0,0.0,0.0,0.0,59.0,32.0,367.0,2.0,0.0,False
Blake Jarwin,DAL,25,TE,16,7,0.0,0.0,0.0,0.0,0.0,0.0,0.0,0.0,0.0,0.0,41.0,31.0,365.0,3.0,1.0,False
Damiere Byrd,ARI,26,WR,11,3,0.0,0.0,0.0,0.0,0.0,0.0,0.0,0.0,0.0,0.0,46.0,32.0,359.0,1.0,1.0,False
Jakobi Meyers,NWE,23,WR,15,1,0.0,0.0,0.0,0.0,0.0,0.0,0.0,0.0,0.0,0.0,41.0,26.0,359.0,0.0,0.0,False
Kendrick Bourne,SFO,24,WR,16,0,0.0,0.0,0.0,0.0,0.0,0.0,0.0,0.0,0.0,0.0,44.0,30.0,358.0,5.0,0.0,False
Jacob Hollister,SEA,26,TE,11,3,0.0,0.0,0.0,0.0,0.0,0.0,0.0,0.0,0.0,0.0,59.0,41.0,349.0,3.0,0.0,False
Hayden Hurst,BAL,26,TE,16,4,0.0,0.0,0.0,0.0,0.0,0.0,0.0,0.0,0.0,0.0,39.0,30.0,349.0,2.0,0.0,False
Darren Fells,HOU,33,TE,16,14,0.0,0.0,0.0,0.0,0.0,0.0,0.0,0.0,0.0,0.0,48.0,34.0,341.0,7.0,0.0,False
Tajae Sharpe,TEN,25,WR,15,6,0.0,0.0,0.0,0.0,0.0,0.0,0.0,0.0,0.0,0.0,35.0,25.0,329.0,4.0,0.0,False
Nick Boyle,BAL,26,TE,16,15,0.0,0.0,0.0,0.0,0.0,0.0,0.0,0.0,0.0,0.0,43.0,31.0,321.0,2.0,0.0,False
Ryan Griffin,NYJ,29,TE,13,13,0.0,0.0,0.0,0.0,0.0,0.0,0.0,0.0,0.0,0.0,41.0,34.0,320.0,5.0,0.0,False
Cameron Brate,TAM,28,TE,16,6,0.0,0.0,0.0,0.0,0.0,0.0,0.0,0.0,0.0,0.0,55.0,36.0,311.0,4.0,0.0,False
Irv Smith Jr.,MIN,21,TE,16,7,0.0,0.0,0.0,0.0,0.0,0.0,0.0,0.0,0.0,0.0,47.0,36.0,311.0,2.0,1.0,False
Cody Latimer,NYG,27,WR,15,10,0.0,0.0,0.0,0.0,0.0,0.0,0.0,0.0,0.0,0.0,42.0,24.0,300.0,2.0,0.0,False
DaeSean Hamilton,DEN,24,WR,16,2,0.0,0.0,0.0,0.0,0.0,0.0,0.0,0.0,0.0,0.0,52.0,28.0,297.0,1.0,0.0,False
Marcus Johnson,IND,25,WR,8,6,0.0,0.0,0.0,0.0,0.0,0.0,0.0,0.0,0.0,0.0,33.0,17.0,277.0,2.0,0.0,False
Seth Roberts,BAL,28,WR,16,0,0.0,0.0,0.0,0.0,0.0,0.0,0.0,0.0,0.0,0.0,35.0,21.0,271.0,2.0,0.0,False
Kaden Smith,NYG,22,TE,9,6,0.0,0.0,0.0,0.0,0.0,0.0,0.0,0.0,0.0,0.0,42.0,31.0,268.0,3.0,2.0,False
Malik Turner,SEA,23,WR,15,3,0.0,0.0,0.0,0.0,0.0,0.0,0.0,0.0,0.0,0.0,22.0,15.0,245.0,1.0,0.0,False
C.J. Uzomah,CIN,26,TE,16,16,0.0,0.0,0.0,0.0,0.0,0.0,0.0,0.0,0.0,0.0,40.0,27.0,242.0,2.0,0.0,False
Jeremy Sprinkle,WAS,25,TE,16,13,0.0,0.0,0.0,0.0,0.0,0.0,0.0,0.0,0.0,0.0,40.0,26.0,241.0,1.0,1.0,False
Charles Clay,ARI,30,TE,15,10,0.0,0.0,0.0,0.0,0.0,0.0,0.0,0.0,0.0,0.0,24.0,18.0,237.0,1.0,0.0,False
Tre'Quan Smith,NOR,23,WR,11,6,0.0,0.0,0.0,0.0,0.0,0.0,0.0,0.0,0.0,0.0,25.0,18.0,234.0,5.0,0.0,False
Ricky Seals-Jones,CLE,24,TE,14,3,0.0,0.0,0.0,0.0,0.0,0.0,0.0,0.0,0.0,0.0,22.0,14.0,229.0,4.0,1.0,False
Josh Hill,NOR,29,TE,16,11,0.0,0.0,0.0,0.0,0.0,0.0,0.0,0.0,0.0,0.0,35.0,25.0,226.0,3.0,0.0,False
Jaron Brown,SEA,29,WR,14,4,0.0,0.0,0.0,0.0,0.0,0.0,0.0,0.0,0.0,0.0,28.0,16.0,220.0,2.0,1.0,False
Jake Kumerow,GNB,27,WR,14,4,0.0,0.0,0.0,0.0,0.0,0.0,0.0,0.0,0.0,0.0,21.0,12.0,219.0,1.0,0.0,False
Tim Patrick,DEN,26,WR,8,2,0.0,0.0,0.0,0.0,0.0,0.0,0.0,0.0,0.0,0.0,31.0,16.0,218.0,0.0,0.0,False
Delanie Walker,TEN,35,TE,7,4,0.0,0.0,0.0,0.0,0.0,0.0,0.0,0.0,0.0,0.0,31.0,21.0,215.0,2.0,1.0,False
Anthony Firkser,TEN,24,TE,15,1,0.0,0.0,0.0,0.0,0.0,0.0,0.0,0.0,0.0,0.0,24.0,14.0,204.0,1.0,0.0,False
Maxx Williams,ARI,25,TE,16,10,0.0,0.0,0.0,0.0,0.0,0.0,0.0,0.0,0.0,0.0,19.0,15.0,202.0,1.0,0.0,False
Damion Ratley,CLE,24,WR,13,3,0.0,0.0,0.0,0.0,0.0,0.0,0.0,0.0,0.0,0.0,24.0,12.0,200.0,1.0,0.0,False
Trey Quinn,WAS,24,WR,12,6,0.0,0.0,0.0,0.0,0.0,0.0,0.0,0.0,0.0,0.0,47.0,26.0,198.0,1.0,1.0,False
Miles Boykin,BAL,23,WR,16,11,0.0,0.0,0.0,0.0,0.0,0.0,0.0,0.0,0.0,0.0,22.0,13.0,198.0,3.0,0.0,False
Justin Hardy,ATL,28,WR,16,1,0.0,0.0,0.0,0.0,0.0,0.0,0.0,0.0,0.0,0.0,26.0,19.0,195.0,0.0,0.0,False
Javon Wims,CHI,25,WR,16,6,0.0,0.0,0.0,0.0,0.0,0.0,0.0,0.0,0.0,0.0,39.0,18.0,186.0,1.0,0.0,False
Laquon Treadwell,MIN,24,WR,13,1,0.0,0.0,0.0,0.0,0.0,0.0,0.0,0.0,0.0,0.0,16.0,9.0,184.0,1.0,0.0,False
Dontrelle Inman,2TM,30,WR,7,1,0.0,0.0,0.0,0.0,0.0,0.0,0.0,0.0,0.0,0.0,21.0,12.0,181.0,0.0,0.0,False
Foster Moreau,OAK,22,TE,13,7,0.0,0.0,0.0,0.0,0.0,0.0,0.0,0.0,0.0,0.0,25.0,21.0,174.0,5.0,0.0,False
Ben Watson,NWE,39,TE,10,8,0.0,0.0,0.0,0.0,0.0,0.0,0.0,0.0,0.0,0.0,24.0,17.0,173.0,0.0,0.0,False
Logan Thomas,DET,28,TE,16,3,0.0,0.0,0.0,0.0,0.0,0.0,0.0,0.0,0.0,0.0,28.0,16.0,173.0,1.0,0.0,False
Byron Pringle,KAN,26,WR,16,0,0.0,0.0,0.0,0.0,0.0,0.0,0.0,0.0,0.0,0.0,16.0,12.0,170.0,1.0,0.0,False
JJ Arcega-Whiteside,PHI,23,WR,16,5,0.0,0.0,0.0,0.0,0.0,0.0,0.0,0.0,0.0,0.0,22.0,10.0,169.0,1.0,0.0,False
Rhett Ellison,NYG,31,TE,10,7,0.0,0.0,0.0,0.0,0.0,0.0,0.0,0.0,0.0,0.0,28.0,18.0,167.0,1.0,0.0,False
Nick Vannett,2TM,26,TE,16,7,0.0,0.0,0.0,0.0,0.0,0.0,0.0,0.0,0.0,0.0,22.0,17.0,166.0,0.0,0.0,False
Duke Williams,BUF,26,WR,4,3,0.0,0.0,0.0,0.0,0.0,0.0,0.0,0.0,0.0,0.0,19.0,12.0,166.0,1.0,0.0,False
DeAndre Carter,HOU,26,WR,16,3,0.0,0.0,0.0,0.0,0.0,0.0,0.0,0.0,0.0,0.0,14.0,11.0,162.0,0.0,2.0,False
Justin Watson,TAM,24,WR,16,2,0.0,0.0,0.0,0.0,0.0,0.0,0.0,0.0,0.0,0.0,26.0,15.0,159.0,2.0,0.0,False
DeSean Jackson,PHI,33,WR,3,3,0.0,0.0,0.0,0.0,0.0,0.0,0.0,0.0,0.0,0.0,10.0,9.0,159.0,2.0,0.0,False
Marcedes Lewis,GNB,35,TE,16,11,0.0,0.0,0.0,0.0,0.0,0.0,0.0,0.0,0.0,0.0,19.0,15.0,156.0,1.0,0.0,False
James O'Shaughnessy,JAX,27,TE,5,5,0.0,0.0,0.0,0.0,0.0,0.0,0.0,0.0,0.0,0.0,20.0,14.0,153.0,2.0,0.0,False
Demetrius Harris,CLE,28,TE,15,6,0.0,0.0,0.0,0.0,0.0,0.0,0.0,0.0,0.0,0.0,27.0,15.0,149.0,3.0,0.0,False
Jaeden Graham,ATL,24,TE,16,0,0.0,0.0,0.0,0.0,0.0,0.0,0.0,0.0,0.0,0.0,10.0,9.0,149.0,1.0,0.0,False
Jesse James,DET,25,TE,16,11,0.0,0.0,0.0,0.0,0.0,0.0,0.0,0.0,0.0,0.0,27.0,16.0,142.0,0.0,0.0,False
Seth Devalve,JAX,26,TE,12,6,0.0,0.0,0.0,0.0,0.0,0.0,0.0,0.0,0.0,0.0,18.0,12.0,140.0,0.0,0.0,False
Ian Thomas,CAR,23,TE,16,3,0.0,0.0,0.0,0.0,0.0,0.0,0.0,0.0,0.0,0.0,30.0,16.0,136.0,1.0,0.0,False
Keelan Doss,OAK,23,WR,8,2,0.0,0.0,0.0,0.0,0.0,0.0,0.0,0.0,0.0,0.0,14.0,11.0,133.0,0.0,0.0,False
Matt LaCosse,NWE,27,TE,11,8,0.0,0.0,0.0,0.0,0.0,0.0,0.0,0.0,0.0,0.0,19.0,13.0,131.0,1.0,0.0,False
Dan Arnold,2TM,24,TE,5,1,0.0,0.0,0.0,0.0,0.0,0.0,0.0,0.0,0.0,0.0,14.0,8.0,127.0,2.0,0.0,False
Mack Hollins,2TM,26,WR,16,3,0.0,0.0,0.0,0.0,0.0,0.0,0.0,0.0,0.0,0.0,23.0,10.0,125.0,0.0,0.0,False
Deon Cain,2TM,23,WR,13,6,0.0,0.0,0.0,0.0,0.0,0.0,0.0,0.0,0.0,0.0,20.0,9.0,124.0,0.0,0.0,False
Vernon Davis,WAS,35,TE,4,1,0.0,0.0,0.0,0.0,0.0,0.0,0.0,0.0,0.0,0.0,19.0,10.0,123.0,1.0,0.0,False
Marcell Ateman,OAK,25,WR,11,0,0.0,0.0,0.0,0.0,0.0,0.0,0.0,0.0,0.0,0.0,10.0,5.0,116.0,0.0,1.0,False
Braxton Berrios,NYJ,24,WR,16,0,0.0,0.0,0.0,0.0,0.0,0.0,0.0,0.0,0.0,0.0,13.0,6.0,115.0,0.0,1.0,False
Olamide Zaccheaus,ATL,22,WR,10,0,0.0,0.0,0.0,0.0,0.0,0.0,0.0,0.0,0.0,0.0,5.0,3.0,115.0,1.0,0.0,False
Jeff Heuerman,DEN,27,TE,14,11,0.0,0.0,0.0,0.0,0.0,0.0,0.0,0.0,0.0,0.0,20.0,14.0,114.0,1.0,0.0,False
Tommy Sweeney,BUF,24,TE,6,1,0.0,0.0,0.0,0.0,0.0,0.0,0.0,0.0,0.0,0.0,13.0,8.0,114.0,0.0,0.0,False
Ryan Izzo,NWE,24,TE,6,4,0.0,0.0,0.0,0.0,0.0,0.0,0.0,0.0,0.0,0.0,9.0,6.0,114.0,1.0,0.0,False
Devin Smith,DAL,27,WR,4,2,0.0,0.0,0.0,0.0,0.0,0.0,0.0,0.0,0.0,0.0,9.0,5.0,113.0,1.0,0.0,False
Nick O'Leary,2TM,27,TE,12,5,0.0,0.0,0.0,0.0,0.0,0.0,0.0,0.0,0.0,0.0,18.0,13.0,109.0,1.0,1.0,False
Brandon Zylstra,CAR,26,WR,8,0,0.0,0.0,0.0,0.0,0.0,0.0,0.0,0.0,0.0,0.0,12.0,8.0,106.0,0.0,1.0,False
Hale Hentges,WAS,23,TE,11,4,0.0,0.0,0.0,0.0,0.0,0.0,0.0,0.0,0.0,0.0,14.0,8.0,103.0,1.0,0.0,False
Robert Tonyan,GNB,25,TE,11,1,0.0,0.0,0.0,0.0,0.0,0.0,0.0,0.0,0.0,0.0,15.0,10.0,100.0,1.0,0.0,False
Mo Alie-Cox,IND,26,TE,16,2,0.0,0.0,0.0,0.0,0.0,0.0,0.0,0.0,0.0,0.0,11.0,8.0,93.0,0.0,0.0,False
Ross Dwelley,SFO,24,TE,16,6,0.0,0.0,0.0,0.0,0.0,0.0,0.0,0.0,0.0,0.0,22.0,15.0,91.0,2.0,0.0,False
Christian Blake,ATL,23,WR,9,3,0.0,0.0,0.0,0.0,0.0,0.0,0.0,0.0,0.0,0.0,24.0,11.0,91.0,0.0,0.0,False
J.P. Holtz,2TM,26,TE,15,7,0.0,0.0,0.0,0.0,0.0,0.0,0.0,0.0,0.0,0.0,8.0,7.0,91.0,0.0,0.0,False
MyCole Pruitt,TEN,27,TE,16,10,0.0,0.0,0.0,0.0,0.0,0.0,0.0,0.0,0.0,0.0,8.0,6.0,90.0,1.0,0.0,False
Antonio Callaway,CLE,22,WR,4,2,0.0,0.0,0.0,0.0,0.0,0.0,0.0,0.0,0.0,0.0,15.0,8.0,89.0,0.0,0.0,False
Joshua Perkins,PHI,26,TE,5,0,0.0,0.0,0.0,0.0,0.0,0.0,0.0,0.0,0.0,0.0,13.0,9.0,87.0,1.0,0.0,False
Jesper Horsted,CHI,22,TE,6,1,0.0,0.0,0.0,0.0,0.0,0.0,0.0,0.0,0.0,0.0,10.0,8.0,87.0,1.0,1.0,False
Trey Burton,CHI,28,TE,8,5,0.0,0.0,0.0,0.0,0.0,0.0,0.0,0.0,0.0,0.0,24.0,14.0,84.0,0.0,0.0,False
Damion Willis,CIN,22,WR,10,2,0.0,0.0,0.0,0.0,0.0,0.0,0.0,0.0,0.0,0.0,16.0,9.0,82.0,0.0,0.0,False
Trent Sherfield,ARI,23,WR,16,1,0.0,0.0,0.0,0.0,0.0,0.0,0.0,0.0,0.0,0.0,13.0,4.0,80.0,0.0,0.0,False
Luke Willson,SEA,29,TE,8,7,0.0,0.0,0.0,0.0,0.0,0.0,0.0,0.0,0.0,0.0,10.0,8.0,79.0,0.0,0.0,False
Virgil Green,LAC,31,TE,15,4,0.0,0.0,0.0,0.0,0.0,0.0,0.0,0.0,0.0,0.0,13.0,9.0,78.0,1.0,0.0,False
KhaDarel Hodge,CLE,24,WR,16,1,0.0,0.0,0.0,0.0,0.0,0.0,0.0,0.0,0.0,0.0,10.0,4.0,76.0,0.0,0.0,False
Adam Shaheen,CHI,25,TE,8,2,0.0,0.0,0.0,0.0,0.0,0.0,0.0,0.0,0.0,0.0,13.0,9.0,74.0,0.0,1.0,False
Daniel Brown,NYJ,27,TE,16,5,0.0,0.0,0.0,0.0,0.0,0.0,0.0,0.0,0.0,0.0,11.0,7.0,72.0,1.0,0.0,False
Tyler Kroft,BUF,27,TE,11,3,0.0,0.0,0.0,0.0,0.0,0.0,0.0,0.0,0.0,0.0,14.0,6.0,71.0,1.0,0.0,False
Chad Beebe,MIN,25,WR,3,0,0.0,0.0,0.0,0.0,0.0,0.0,0.0,0.0,0.0,0.0,2.0,2.0,70.0,0.0,3.0,False
Riley Ridley,CHI,23,WR,5,0,0.0,0.0,0.0,0.0,0.0,0.0,0.0,0.0,0.0,0.0,7.0,6.0,69.0,0.0,0.0,False
Blake Bell,KAN,28,TE,15,7,0.0,0.0,0.0,0.0,0.0,0.0,0.0,0.0,0.0,0.0,15.0,8.0,67.0,0.0,0.0,False
Chris Hogan,CAR,32,WR,7,1,0.0,0.0,0.0,0.0,0.0,0.0,0.0,0.0,0.0,0.0,15.0,8.0,67.0,0.0,0.0,False
Rico Gafford,OAK,23,WR,4,1,0.0,0.0,0.0,0.0,0.0,0.0,0.0,0.0,0.0,0.0,2.0,2.0,66.0,1.0,0.0,False
Geoff Swaim,JAX,26,TE,6,2,0.0,0.0,0.0,0.0,0.0,0.0,0.0,0.0,0.0,0.0,17.0,13.0,65.0,0.0,0.0,False
Durham Smythe,MIA,24,TE,16,14,0.0,0.0,0.0,0.0,0.0,0.0,0.0,0.0,0.0,0.0,14.0,7.0,65.0,0.0,0.0,False
Tevin Jones,PIT,27,WR,5,0,0.0,0.0,0.0,0.0,0.0,0.0,0.0,0.0,0.0,0.0,10.0,4.0,61.0,0.0,0.0,False
Chris Lacy,DET,23,WR,7,2,0.0,0.0,0.0,0.0,0.0,0.0,0.0,0.0,0.0,0.0,10.0,3.0,60.0,0.0,0.0,False
Ben Braunecker,CHI,25,TE,11,3,0.0,0.0,0.0,0.0,0.0,0.0,0.0,0.0,0.0,0.0,11.0,6.0,59.0,1.0,0.0,False
Tyler Conklin,MIN,24,TE,15,1,0.0,0.0,0.0,0.0,0.0,0.0,0.0,0.0,0.0,0.0,10.0,8.0,58.0,0.0,0.0,False
Clive Walford,MIA,28,TE,7,3,0.0,0.0,0.0,0.0,0.0,0.0,0.0,0.0,0.0,0.0,8.0,4.0,57.0,0.0,0.0,False
Andre Patton,LAC,25,WR,13,5,0.0,0.0,0.0,0.0,0.0,0.0,0.0,0.0,0.0,0.0,17.0,6.0,56.0,0.0,0.0,False
Rashard Higgins,CLE,25,WR,10,1,0.0,0.0,0.0,0.0,0.0,0.0,0.0,0.0,0.0,0.0,11.0,4.0,55.0,1.0,0.0,False
Luke Stocker,ATL,31,TE,15,9,0.0,0.0,0.0,0.0,0.0,0.0,0.0,0.0,0.0,0.0,14.0,8.0,53.0,0.0,1.0,False
Stephen Carlson,CLE,23,TE,9,5,0.0,0.0,0.0,0.0,0.0,0.0,0.0,0.0,0.0,0.0,7.0,5.0,51.0,1.0,0.0,False
Ross Travis,IND,26,TE,3,1,0.0,0.0,0.0,0.0,0.0,0.0,0.0,0.0,0.0,0.0,6.0,4.0,51.0,0.0,1.0,False
DeAndrew White,CAR,28,WR,10,0,0.0,0.0,0.0,0.0,0.0,0.0,0.0,0.0,0.0,0.0,9.0,4.0,51.0,0.0,0.0,False
Lance Kendricks,LAC,31,TE,12,1,0.0,0.0,0.0,0.0,0.0,0.0,0.0,0.0,0.0,0.0,7.0,3.0,50.0,0.0,0.0,False
Deon Yelder,KAN,24,TE,9,1,0.0,0.0,0.0,0.0,0.0,0.0,0.0,0.0,0.0,0.0,4.0,3.0,50.0,0.0,0.0,False
Deontay Burnett,PHI,22,WR,1,1,0.0,0.0,0.0,0.0,0.0,0.0,0.0,0.0,0.0,0.0,4.0,2.0,48.0,0.0,0.0,False
Cedrick Wilson,DAL,24,WR,6,0,0.0,0.0,0.0,0.0,0.0,0.0,0.0,0.0,0.0,0.0,8.0,5.0,46.0,0.0,0.0,False
Alexander Hollins,MIN,23,WR,5,1,0.0,0.0,0.0,0.0,0.0,0.0,0.0,0.0,0.0,0.0,4.0,2.0,46.0,0.0,0.0,False
Jason Moore,LAC,24,WR,10,0,0.0,0.0,0.0,0.0,0.0,0.0,0.0,0.0,0.0,0.0,5.0,2.0,43.0,0.0,0.0,False
David Njoku,CLE,23,TE,4,1,0.0,0.0,0.0,0.0,0.0,0.0,0.0,0.0,0.0,0.0,10.0,5.0,41.0,1.0,0.0,False
Troy Fumagalli,DEN,24,TE,11,5,0.0,0.0,0.0,0.0,0.0,0.0,0.0,0.0,0.0,0.0,9.0,6.0,38.0,1.0,0.0,False
Geremy Davis,LAC,27,WR,7,1,0.0,0.0,0.0,0.0,0.0,0.0,0.0,0.0,0.0,0.0,3.0,3.0,38.0,0.0,0.0,False
T.J. Jones,NYG,27,WR,3,0,0.0,0.0,0.0,0.0,0.0,0.0,0.0,0.0,0.0,0.0,4.0,3.0,38.0,1.0,3.0,False
Steven Mitchell,HOU,25,WR,3,1,0.0,0.0,0.0,0.0,0.0,0.0,0.0,0.0,0.0,0.0,6.0,2.0,37.0,0.0,0.0,False
JJ Nelson,OAK,27,WR,2,1,0.0,0.0,0.0,0.0,0.0,0.0,0.0,0.0,0.0,0.0,5.0,4.0,36.0,1.0,0.0,False
Bobo Wilson,TAM,24,WR,6,1,0.0,0.0,0.0,0.0,0.0,0.0,0.0,0.0,0.0,0.0,11.0,3.0,35.0,0.0,3.0,False
Ishmael Hyman,TAM,24,WR,2,1,0.0,0.0,0.0,0.0,0.0,0.0,0.0,0.0,0.0,0.0,4.0,2.0,34.0,0.0,0.0,False
Gunner Olszewski,NWE,23,WR,8,0,0.0,0.0,0.0,0.0,0.0,0.0,0.0,0.0,0.0,0.0,4.0,2.0,34.0,0.0,1.0,False
Jordan Matthews,2TM,27,WR,3,1,0.0,0.0,0.0,0.0,0.0,0.0,0.0,0.0,0.0,0.0,12.0,4.0,33.0,0.0,0.0,False
Devin Funchess,IND,25,WR,1,1,0.0,0.0,0.0,0.0,0.0,0.0,0.0,0.0,0.0,0.0,5.0,3.0,32.0,0.0,0.0,False
Lee Smith,BUF,32,TE,16,5,0.0,0.0,0.0,0.0,0.0,0.0,0.0,0.0,0.0,0.0,5.0,4.0,31.0,1.0,0.0,False
C.J. Board,JAX,26,WR,4,0,0.0,0.0,0.0,0.0,0.0,0.0,0.0,0.0,0.0,0.0,4.0,2.0,31.0,0.0,0.0,False
Travis Benjamin,LAC,30,WR,5,2,0.0,0.0,0.0,0.0,0.0,0.0,0.0,0.0,0.0,0.0,16.0,6.0,30.0,0.0,0.0,False
Drew Sample,CIN,23,TE,9,2,0.0,0.0,0.0,0.0,0.0,0.0,0.0,0.0,0.0,0.0,6.0,5.0,30.0,0.0,0.0,False
Codey McElroy,TAM,27,TE,1,0,0.0,0.0,0.0,0.0,0.0,0.0,0.0,0.0,0.0,0.0,1.0,1.0,30.0,0.0,0.0,False
Cody Core,NYG,25,WR,16,0,0.0,0.0,0.0,0.0,0.0,0.0,0.0,0.0,0.0,0.0,5.0,3.0,28.0,0.0,0.0,False
Ryan Switzer,PIT,25,WR,9,0,0.0,0.0,0.0,0.0,0.0,0.0,0.0,0.0,0.0,0.0,11.0,8.0,27.0,0.0,1.0,False
Pharaoh Brown,CLE,25,TE,9,6,0.0,0.0,0.0,0.0,0.0,0.0,0.0,0.0,0.0,0.0,3.0,2.0,27.0,0.0,0.0,False
Cam Sims,WAS,23,WR,7,1,0.0,0.0,0.0,0.0,0.0,0.0,0.0,0.0,0.0,0.0,3.0,2.0,27.0,0.0,0.0,False
Johnny Mundt,LAR,25,TE,13,2,0.0,0.0,0.0,0.0,0.0,0.0,0.0,0.0,0.0,0.0,7.0,4.0,26.0,0.0,0.0,False
Tanner Hudson,TAM,25,TE,9,1,0.0,0.0,0.0,0.0,0.0,0.0,0.0,0.0,0.0,0.0,5.0,2.0,26.0,0.0,0.0,False
Russell Shepard,NYG,29,WR,3,0,0.0,0.0,0.0,0.0,0.0,0.0,0.0,0.0,0.0,0.0,8.0,3.0,25.0,0.0,0.0,False
Michael Crabtree,ARI,32,WR,2,1,0.0,0.0,0.0,0.0,0.0,0.0,0.0,0.0,0.0,0.0,5.0,4.0,22.0,0.0,0.0,False
Fred Brown,DEN,26,WR,13,1,0.0,0.0,0.0,0.0,0.0,0.0,0.0,0.0,0.0,0.0,3.0,2.0,21.0,0.0,1.0,False
Eric Saubert,CHI,25,TE,2,0,0.0,0.0,0.0,0.0,0.0,0.0,0.0,0.0,0.0,0.0,3.0,2.0,21.0,0.0,0.0,False
Josh Bellamy,NYJ,30,WR,7,0,0.0,0.0,0.0,0.0,0.0,0.0,0.0,0.0,0.0,0.0,3.0,2.0,20.0,0.0,0.0,False
Donte Moncrief,2TM,26,WR,8,2,0.0,0.0,0.0,0.0,0.0,0.0,0.0,0.0,0.0,0.0,15.0,4.0,18.0,0.0,0.0,False
Stanley Morgan,CIN,23,WR,11,0,0.0,0.0,0.0,0.0,0.0,0.0,0.0,0.0,0.0,0.0,10.0,3.0,18.0,0.0,0.0,False
Robert Davis,2TM,24,WR,6,3,0.0,0.0,0.0,0.0,0.0,0.0,0.0,0.0,0.0,0.0,5.0,2.0,17.0,0.0,0.0,False
Ashton Dulin,IND,22,WR,13,0,0.0,0.0,0.0,0.0,0.0,0.0,0.0,0.0,0.0,0.0,2.0,2.0,17.0,0.0,0.0,False
Darius Jennings,TEN,27,WR,8,0,0.0,0.0,0.0,0.0,0.0,0.0,0.0,0.0,0.0,0.0,5.0,2.0,17.0,0.0,0.0,False
Rashard Davis,TEN,25,WR,1,0,0.0,0.0,0.0,0.0,0.0,0.0,0.0,0.0,0.0,0.0,1.0,1.0,16.0,0.0,0.0,False
Josh Oliver,JAX,22,TE,4,1,0.0,0.0,0.0,0.0,0.0,0.0,0.0,0.0,0.0,0.0,6.0,3.0,15.0,0.0,0.0,False
Michael Walker,JAX,23,WR,7,0,0.0,0.0,0.0,0.0,0.0,0.0,0.0,0.0,0.0,0.0,3.0,2.0,15.0,0.0,2.0,False
Ventell Bryant,DAL,23,WR,12,0,0.0,0.0,0.0,0.0,0.0,0.0,0.0,0.0,0.0,0.0,1.0,1.0,15.0,1.0,0.0,False
Ryan Grant,OAK,29,WR,2,1,0.0,0.0,0.0,0.0,0.0,0.0,0.0,0.0,0.0,0.0,9.0,4.0,14.0,0.0,0.0,False
Mike Thomas,LAR,25,WR,16,0,0.0,0.0,0.0,0.0,0.0,0.0,0.0,0.0,0.0,0.0,5.0,2.0,14.0,0.0,0.0,False
Cethan Carter,CIN,24,TE,15,0,0.0,0.0,0.0,0.0,0.0,0.0,0.0,0.0,0.0,0.0,3.0,2.0,13.0,1.0,0.0,False
Cody Hollister,TEN,26,WR,5,0,0.0,0.0,0.0,0.0,0.0,0.0,0.0,0.0,0.0,0.0,2.0,2.0,13.0,0.0,0.0,False
Isaac Nauta,DET,22,TE,6,0,0.0,0.0,0.0,0.0,0.0,0.0,0.0,0.0,0.0,0.0,3.0,2.0,13.0,0.0,0.0,False
Sean Culkin,LAC,26,TE,4,2,0.0,0.0,0.0,0.0,0.0,0.0,0.0,0.0,0.0,0.0,2.0,1.0,12.0,0.0,0.0,False
Jeff Smith,NYJ,22,WR,1,0,0.0,0.0,0.0,0.0,0.0,0.0,0.0,0.0,0.0,0.0,2.0,1.0,12.0,0.0,0.0,False
Scott Simonson,NYG,27,TE,5,1,0.0,0.0,0.0,0.0,0.0,0.0,0.0,0.0,0.0,0.0,2.0,2.0,11.0,0.0,0.0,False
Antony Auclair,TAM,26,TE,8,5,0.0,0.0,0.0,0.0,0.0,0.0,0.0,0.0,0.0,0.0,3.0,1.0,11.0,0.0,0.0,False
Chris Manhertz,CAR,27,TE,15,6,0.0,0.0,0.0,0.0,0.0,0.0,0.0,0.0,0.0,0.0,1.0,1.0,11.0,0.0,0.0,False
John Ursua,SEA,25,WR,3,0,0.0,0.0,0.0,0.0,0.0,0.0,0.0,0.0,0.0,0.0,1.0,1.0,11.0,0.0,0.0,False
Levine Toilolo,SFO,28,TE,13,0,0.0,0.0,0.0,0.0,0.0,0.0,0.0,0.0,0.0,0.0,2.0,2.0,10.0,0.0,0.0,False
Austin Carr,NOR,26,WR,6,3,0.0,0.0,0.0,0.0,0.0,0.0,0.0,0.0,0.0,0.0,4.0,1.0,9.0,0.0,0.0,False
Ben Koyack,JAX,26,TE,11,6,0.0,0.0,0.0,0.0,0.0,0.0,0.0,0.0,0.0,0.0,3.0,1.0,9.0,0.0,0.0,False
Jordan Thomas,HOU,23,TE,5,2,0.0,0.0,0.0,0.0,0.0,0.0,0.0,0.0,0.0,0.0,3.0,1.0,8.0,0.0,0.0,False
Dwayne Harris,OAK,32,WR,3,0,0.0,0.0,0.0,0.0,0.0,0.0,0.0,0.0,0.0,0.0,1.0,1.0,7.0,0.0,0.0,False
Chris Herndon,NYJ,23,TE,1,0,0.0,0.0,0.0,0.0,0.0,0.0,0.0,0.0,0.0,0.0,2.0,1.0,7.0,0.0,0.0,False
Dalton Schultz,DAL,23,TE,16,0,0.0,0.0,0.0,0.0,0.0,0.0,0.0,0.0,0.0,0.0,2.0,1.0,6.0,0.0,0.0,False
Jaleel Scott,BAL,24,WR,3,0,0.0,0.0,0.0,0.0,0.0,0.0,0.0,0.0,0.0,0.0,3.0,1.0,6.0,0.0,0.0,False
De'Anthony Thomas,2TM,26,WR,14,0,0.0,0.0,0.0,0.0,0.0,0.0,0.0,0.0,0.0,0.0,2.0,1.0,6.0,0.0,3.0,False
Charles Jones,JAX,23,TE,4,0,0.0,0.0,0.0,0.0,0.0,0.0,0.0,0.0,0.0,0.0,1.0,1.0,5.0,0.0,0.0,False
Tyrone Swoopes,SEA,25,TE,5,2,0.0,0.0,0.0,0.0,0.0,0.0,0.0,0.0,0.0,0.0,1.0,1.0,5.0,0.0,0.0,False
Darrell Daniels,ARI,25,TE,11,0,0.0,0.0,0.0,0.0,0.0,0.0,0.0,0.0,0.0,0.0,3.0,1.0,4.0,0.0,0.0,False
Zach Gentry,PIT,23,TE,4,0,0.0,0.0,0.0,0.0,0.0,0.0,0.0,0.0,0.0,0.0,1.0,1.0,4.0,0.0,0.0,False
Krishawn Hogan,NOR,24,WR,8,0,0.0,0.0,0.0,0.0,0.0,0.0,0.0,0.0,0.0,0.0,1.0,1.0,4.0,0.0,0.0,False
Cyril Grayson,TAM,26,WR,2,0,0.0,0.0,0.0,0.0,0.0,0.0,0.0,0.0,0.0,0.0,1.0,1.0,3.0,0.0,0.0,False
Xavier Grimble,PIT,27,TE,3,1,0.0,0.0,0.0,0.0,0.0,0.0,0.0,0.0,0.0,0.0,3.0,1.0,3.0,0.0,0.0,False
Darrius Shepherd,GNB,24,WR,6,0,0.0,0.0,0.0,0.0,0.0,0.0,0.0,0.0,0.0,0.0,2.0,1.0,1.0,0.0,1.0,False
Eric Tomlinson,3TM,27,TE,8,3,0.0,0.0,0.0,0.0,0.0,0.0,0.0,0.0,0.0,0.0,1.0,1.0,1.0,0.0,0.0,False
Quincy Enunwa,NYJ,27,WR,1,1,0.0,0.0,0.0,0.0,0.0,0.0,0.0,0.0,0.0,0.0,3.0,1.0,-4.0,0.0,1.0,False
